flight_no,date_and_time_utc,version_booster,launch_site,payload,payload_mass,orbit,customer,launch_outcome,booster_landing,date_parsable,year,month,day,hour,rocket_type,is_future,days_since_last_launch,is_starlink,booster_reuse_count,launch_site_encoded,payload_mass_category,is_crew_mission,orbit_type_encoded,is_night_launch,cumulative_launch_count,customer_type,launch_success_rate_rolling,booster_landing_success_rate,latitude,longitude
195,1/3/2023 14:56,F9B5B1060‑15,"Cape Canaveral,Slc‑40",Transporter-6(115 Payload Smallsat Rideshare),16300,Sso,Various,Success,Success,TRUE,2023,1,3,14,Falcon 9,FALSE,0,FALSE,0,CC_SLC40,Heavy,FALSE,Low_Earth,FALSE,1,Commercial,1,1,28.562,-80.5772
196,1/10/2023 4:50,F9B5B1076‑2,"Cape Canaveral,Slc‑40",Oneweb 16(40 Satellites),6000,Polarleo,Oneweb,Success,Success,TRUE,2023,1,10,4,Falcon 9,FALSE,6.579167,FALSE,0,CC_SLC40,Medium,FALSE,Low_Earth,TRUE,2,Commercial,1,1,28.562,-80.5772
197,1/15/2023 22:56,Falcon Heavyb5B1070(Core),"Kennedy,Lc‑39A",Ussf-67(Cbas-2&Ldpe-3A),3750,Geo,Ussf,Success,No Attempt,TRUE,2023,1,15,22,Falcon Heavy,FALSE,5.7541666,FALSE,0,K_LC39A,Light,FALSE,Geostationary,FALSE,3,Government,1,1,28.6082,-80.6041
198,1/18/2023 12:24,F9B5B1077‑2,"Cape Canaveral,Slc‑40",Usa-343(Gps-Iii Sv06),4352,Meo,Ussf,Success,Success,TRUE,2023,1,18,12,Falcon 9,FALSE,2.5611112,FALSE,0,CC_SLC40,Light,FALSE,Medium_Earth,FALSE,4,Government,1,1,28.562,-80.5772
199,1/19/2023 15:43,F9B5B1075‑1,"Vandenberg,Slc‑4E",Starlink:Group 2-4(51Satellites),15000,Leo,Spacex,Success,Success,TRUE,2023,1,19,15,Falcon 9,FALSE,1.1381944,TRUE,0,V_SLC4E,Medium,FALSE,Low_Earth,FALSE,5,Internal,1,1,34.632,-120.6108
200,1/26/2023 9:32,F9B5B1067‑9,"Cape Canaveral,Slc‑40",Starlink:Group 5-2(56Satellites),17400,Leo,Spacex,Success,Success,TRUE,2023,1,26,9,Falcon 9,FALSE,6.742361,TRUE,0,CC_SLC40,Heavy,FALSE,Low_Earth,TRUE,6,Internal,1,1,28.562,-80.5772
201,1/31/2023 16:15,F9B5B1071‑7,"Vandenberg,Slc‑4E",Starlink:Group 2-6(49Satellites),15200,Leo,Spacex,Success,Success,TRUE,2023,1,31,16,Falcon 9,FALSE,5.279861,TRUE,0,V_SLC4E,Heavy,FALSE,Low_Earth,FALSE,7,Internal,1,1,34.632,-120.6108
202,2/2/2023 7:58,F9B5B1069‑5,"Kennedy,Lc‑39A",Starlink:Group 5-3(53Satellites),16500,Leo,Spacex,Success,Success,TRUE,2023,2,2,7,Falcon 9,FALSE,1.6548611,TRUE,0,K_LC39A,Heavy,FALSE,Low_Earth,TRUE,8,Internal,1,1,28.6082,-80.6041
203,2/7/2023 1:32,F9B5B1073‑6,"Cape Canaveral,Slc‑40",Amazonas Nexus,4146,Gto,Hispasat,Success,Success,TRUE,2023,2,7,1,Falcon 9,FALSE,4.7319446,FALSE,0,CC_SLC40,Light,FALSE,Geostationary,TRUE,9,Commercial,1,1,28.562,-80.5772
204,2/12/2023 5:10,F9B5B1062‑12,"Cape Canaveral,Slc‑40",Starlink:Group 5-4(55Satellites),17100,Leo,Spacex,Success,Success,TRUE,2023,2,12,5,Falcon 9,FALSE,5.151389,TRUE,0,CC_SLC40,Heavy,FALSE,Low_Earth,TRUE,10,Internal,1,1,28.562,-80.5772
205,2/17/2023 19:12,F9B5B1063‑9,"Vandenberg,Slc‑4E",Starlink:Group 2-5(51Satellites),15900,Leo,Spacex,Success,Success,TRUE,2023,2,17,19,Falcon 9,FALSE,5.584722,TRUE,0,V_SLC4E,Heavy,FALSE,Low_Earth,FALSE,11,Internal,1,1,34.632,-120.6108
206,2/18/2023 3:59,F9B5B1077‑3,"Cape Canaveral,Slc‑40",Inmarsat-6 F2,5470,Gto,Inmarsat,Success,Success,TRUE,2023,2,18,3,Falcon 9,FALSE,0.36597222,FALSE,0,CC_SLC40,Medium,FALSE,Geostationary,TRUE,12,Commercial,1,1,28.562,-80.5772
207,2/27/2023 23:13,F9B5B1076‑3,"Cape Canaveral,Slc‑40",Starlink:Group 6-1(21Satellites),15300,Leo,Spacex,Success,Success,TRUE,2023,2,27,23,Falcon 9,FALSE,9.801389,TRUE,0,CC_SLC40,Heavy,FALSE,Low_Earth,TRUE,13,Internal,1,1,28.562,-80.5772
208,3/2/2023 5:34,F9B5B1078‑1,"Kennedy,Lc‑39A",Crew-6(Crew Dragon C206.4Endeavour),13000,Leo(Iss),Nasa(Cts),Success,Success,TRUE,2023,3,2,5,Falcon 9,FALSE,2.2645833,FALSE,0,K_LC39A,Medium,TRUE,Low_Earth,TRUE,14,Government,1,1,28.6082,-80.6041
209,3/3/2023 18:38,F9B5B1061‑12,"Vandenberg,Slc‑4E",Starlink:Group 2-7(51Satellites),15900,Leo,Spacex,Success,Success,TRUE,2023,3,3,18,Falcon 9,FALSE,1.5444444,TRUE,0,V_SLC4E,Heavy,FALSE,Low_Earth,FALSE,15,Internal,1,1,34.632,-120.6108
210,3/9/2023 19:13,F9B5B1062‑13,"Cape Canaveral,Slc‑40",Oneweb 17(40 Satellites),6000,Leo,Oneweb,Success,Success,TRUE,2023,3,9,19,Falcon 9,FALSE,6.0243053,FALSE,0,CC_SLC40,Medium,FALSE,Low_Earth,FALSE,16,Commercial,1,1,28.562,-80.5772
211,3/15/2023 0:30,F9B5B1073‑7,"Kennedy,Lc‑39A",Spacex Crs-27(Dragon C209.3),2852,Leo(Iss),Nasa(Crs),Success,Success,TRUE,2023,3,15,0,Falcon 9,FALSE,5.220139,FALSE,0,K_LC39A,Light,FALSE,Low_Earth,TRUE,17,Government,1,1,28.6082,-80.6041
212,3/17/2023 19:26,F9B5B1071‑8,"Vandenberg,Slc‑4E",Starlink:Group 2-8(52Satellites),16200,Leo,Spacex,Success,Success,TRUE,2023,3,17,19,Falcon 9,FALSE,2.788889,TRUE,0,V_SLC4E,Heavy,FALSE,Low_Earth,FALSE,18,Internal,1,1,34.632,-120.6108
213,3/17/2023 23:38,F9B5B1069‑6,"Cape Canaveral,Slc‑40",Ses-18&Ses-19,7000,Gto,Ses,Success,Success,TRUE,2023,3,17,23,Falcon 9,FALSE,0.175,FALSE,0,CC_SLC40,Medium,FALSE,Geostationary,TRUE,19,Commercial,1,1,28.562,-80.5772
214,3/24/2023 15:43,F9B5B1067‑10,"Cape Canaveral,Slc‑40",Starlink:Group 5-5(56Satellites),17400,Leo,Spacex,Success,Success,TRUE,2023,3,24,15,Falcon 9,FALSE,6.670139,TRUE,0,CC_SLC40,Heavy,FALSE,Low_Earth,FALSE,20,Internal,1,1,28.562,-80.5772
215,3/29/2023 20:01,F9B5B1077‑4,"Cape Canaveral,Slc‑40",Starlink:Group 5-10(56Satellites),17400,Leo,Spacex,Success,Success,TRUE,2023,3,29,20,Falcon 9,FALSE,5.179167,TRUE,0,CC_SLC40,Heavy,FALSE,Low_Earth,FALSE,21,Internal,1,1,28.562,-80.5772
216,4/2/2023 14:29,F9B5B1075‑2,"Vandenberg,Slc‑4E",Sda Tranche 0A(10 Satellites),16300,Leo,Sda,Success,Success,TRUE,2023,4,2,14,Falcon 9,FALSE,3.7694445,FALSE,0,V_SLC4E,Heavy,FALSE,Low_Earth,FALSE,22,Government,1,1,34.632,-120.6108
217,4/7/2023 4:30,F9B5B1076‑4,"Cape Canaveral,Slc‑40",Intelsat 40E,5588,Gto,Intelsat,Success,Success,TRUE,2023,4,7,4,Falcon 9,FALSE,4.584028,FALSE,0,CC_SLC40,Medium,FALSE,Geostationary,TRUE,23,Commercial,1,1,28.562,-80.5772
218,4/15/2023 6:47,F9B5B1063‑10,"Vandenberg,Slc‑4E",Transporter-7(51 Payload Smallsat Rideshare),16300,Sso,Various,Success,Success,TRUE,2023,4,15,6,Falcon 9,FALSE,8.095139,FALSE,0,V_SLC4E,Heavy,FALSE,Low_Earth,TRUE,24,Commercial,1,1,34.632,-120.6108
219,4/19/2023 14:31,F9B5B1073‑8,"Cape Canaveral,Slc‑40",Starlink:Group 6-2(21Satellites),15300,Leo,Spacex,Success,Success,TRUE,2023,4,19,14,Falcon 9,FALSE,4.322222,TRUE,0,CC_SLC40,Heavy,FALSE,Low_Earth,FALSE,25,Internal,1,1,28.562,-80.5772
220,4/27/2023 13:40,F9B5B1061‑13,"Vandenberg,Slc‑4E",Starlink:Group 3-5(46Satellites),14100,Sso,Spacex,Success,Success,TRUE,2023,4,27,13,Falcon 9,FALSE,7.9645834,TRUE,0,V_SLC4E,Medium,FALSE,Low_Earth,FALSE,26,Internal,1,1,34.632,-120.6108
221,4/28/2023 22:12,F9B5B1078‑2,"Cape Canaveral,Slc‑40",O3B Mpower3 & 4,4100,Meo,Ses,Success,Success,TRUE,2023,4,28,22,Falcon 9,FALSE,1.3555555,FALSE,0,CC_SLC40,Light,FALSE,Medium_Earth,TRUE,27,Commercial,1,1,28.562,-80.5772
222,5/4/2023 7:31,F9B5B1069‑7,"Cape Canaveral,Slc‑40",Starlink:Group 5-6(56Satellites),17400,Leo,Spacex,Success,Success,TRUE,2023,5,4,7,Falcon 9,FALSE,5.3881946,TRUE,0,CC_SLC40,Heavy,FALSE,Low_Earth,TRUE,28,Internal,1,1,28.562,-80.5772
223,5/10/2023 20:09,F9B5B1075‑3,"Vandenberg,Slc‑4E",Starlink:Group 2-9(51Satellites),15900,Leo,Spacex,Success,Success,TRUE,2023,5,10,20,Falcon 9,FALSE,6.526389,TRUE,0,V_SLC4E,Heavy,FALSE,Low_Earth,FALSE,29,Internal,1,1,34.632,-120.6108
224,5/14/2023 5:03,F9B5B1067‑11,"Cape Canaveral,Slc‑40",Starlink:Group 5-9(56Satellites),17400,Leo,Spacex,Success,Success,TRUE,2023,5,14,5,Falcon 9,FALSE,3.3708334,TRUE,0,CC_SLC40,Heavy,FALSE,Low_Earth,TRUE,30,Internal,1,1,28.562,-80.5772
225,5/19/2023 6:19,F9B5B1076‑5,"Cape Canaveral,Slc‑40",Starlink:Group 6-3(22Satellites),16100,Leo,Spacex,Success,Success,TRUE,2023,5,19,6,Falcon 9,FALSE,5.052778,TRUE,0,CC_SLC40,Heavy,FALSE,Low_Earth,TRUE,31,Internal,1,1,28.562,-80.5772
226,5/20/2023 13:16,F9B5B1063‑11,"Vandenberg,Slc‑4E",Iridium-Next(5 Satellites)Oneweb(15 Gen1 Plus A Gen2 Test Satellite),6600,Polarleo,Iridium&Oneweb,Success,Success,TRUE,2023,5,20,13,Falcon 9,FALSE,1.2895833,FALSE,0,V_SLC4E,Medium,FALSE,Low_Earth,FALSE,32,Commercial,1,1,34.632,-120.6108
227,5/21/2023 21:37,F9B5B1080‑1,"Kennedy,Lc‑39A",Ax-2(Crew Dragon C212.2Freedom),13000,Leo(Iss),Axiom Space,Success,Success,TRUE,2023,5,21,21,Falcon 9,FALSE,1.3479167,FALSE,0,K_LC39A,Medium,TRUE,Low_Earth,FALSE,33,Commercial,1,1,28.6082,-80.6041
228,5/27/2023 4:30,F9B5B1062‑14,"Cape Canaveral,Slc‑40",Arabsat 7B(Badr-8),4500,Gto,Arabsat,Success,Success,TRUE,2023,5,27,4,Falcon 9,FALSE,5.2868056,FALSE,0,CC_SLC40,Light,FALSE,Geostationary,TRUE,34,Commercial,1,1,28.562,-80.5772
229,5/31/2023 6:02,F9B5B1061‑14,"Vandenberg,Slc‑4E",Starlink:Group 2-10(52Satellites),16400,Leo,Spacex,Success,Success,TRUE,2023,5,31,6,Falcon 9,FALSE,4.063889,TRUE,0,V_SLC4E,Heavy,FALSE,Low_Earth,TRUE,35,Internal,1,1,34.632,-120.6108
230,6/4/2023 12:20,F9B5B1078‑3,"Cape Canaveral,Slc‑40",Starlink:Group 6-4(22Satellites),16100,Leo,Spacex,Success,Success,TRUE,2023,6,4,12,Falcon 9,FALSE,4.2625,TRUE,0,CC_SLC40,Heavy,FALSE,Low_Earth,FALSE,36,Internal,1,1,28.562,-80.5772
231,6/5/2023 15:47,F9B5B1077‑5,"Kennedy,Lc‑39A",Spacex Crs-28(Dragon C208.4),3304,Leo(Iss),Nasa(Crs),Success,Success,TRUE,2023,6,5,15,Falcon 9,FALSE,1.14375,FALSE,0,K_LC39A,Light,FALSE,Low_Earth,FALSE,37,Government,1,1,28.6082,-80.6041
232,6/12/2023 7:10,F9B5B1073‑9,"Cape Canaveral,Slc‑40",Starlink:Group 5-11(52Satellites),16400,Leo,Spacex,Success,Success,TRUE,2023,6,12,7,Falcon 9,FALSE,6.640972,TRUE,0,CC_SLC40,Heavy,FALSE,Low_Earth,TRUE,38,Internal,1,1,28.562,-80.5772
233,6/12/2023 21:35,F9B5B1071‑9,"Vandenberg,Slc‑4E",Transporter-8(72 Payload Smallsat Rideshare),16300,Sso,Various,Success,Success,TRUE,2023,6,12,21,Falcon 9,FALSE,0.6006944,FALSE,0,V_SLC4E,Heavy,FALSE,Low_Earth,FALSE,39,Commercial,1,1,34.632,-120.6108
234,6/18/2023 22:21,F9B5B1067‑12,"Cape Canaveral,Slc‑40",Satria,4580,Gto,Pt Pasifik Satelit Nusantara,Success,Success,TRUE,2023,6,18,22,Falcon 9,FALSE,6.0319443,FALSE,0,CC_SLC40,Light,FALSE,Geostationary,TRUE,40,Commercial,1,1,28.562,-80.5772
235,6/22/2023 7:19,F9B5B1075‑4,"Vandenberg,Slc‑4E",Starlink:Group 5-7(47Satellites),14500,Leo,Spacex,Success,Success,TRUE,2023,6,22,7,Falcon 9,FALSE,3.3736112,TRUE,0,V_SLC4E,Medium,FALSE,Low_Earth,TRUE,41,Internal,1,1,34.632,-120.6108
236,6/23/2023 15:35,F9B5B1069‑8,"Cape Canaveral,Slc‑40",Starlink:Group 5-12(56Satellites),17400,Leo,Spacex,Success,Success,TRUE,2023,6,23,15,Falcon 9,FALSE,1.3444444,TRUE,0,CC_SLC40,Heavy,FALSE,Low_Earth,FALSE,42,Internal,1,1,28.562,-80.5772
237,7/1/2023 15:12,F9B5B1080‑2,"Cape Canaveral,Slc‑40",Euclid,2160,Sun–Earth L2Injection,Esa,Success,Success,TRUE,2023,7,1,15,Falcon 9,FALSE,7.984028,FALSE,0,CC_SLC40,Light,FALSE,Deep_Space,FALSE,43,Commercial,1,1,28.562,-80.5772
238,7/7/2023 19:29,F9B5B1063‑12,"Vandenberg,Slc‑4E",Starlink:Group 5-13(48Satellites),14900,Leo,Spacex,Success,Success,TRUE,2023,7,7,19,Falcon 9,FALSE,6.178472,TRUE,0,V_SLC4E,Medium,FALSE,Low_Earth,FALSE,44,Internal,1,1,34.632,-120.6108
239,7/10/2023 3:58,F9B5B1058‑16,"Cape Canaveral,Slc‑40",Starlink:Group 6-5(22Satellites),16100,Leo,Spacex,Success,Success,TRUE,2023,7,10,3,Falcon 9,FALSE,2.3534722,TRUE,0,CC_SLC40,Heavy,FALSE,Low_Earth,TRUE,45,Internal,1,1,28.562,-80.5772
240,7/16/2023 3:50,F9B5B1060‑16,"Cape Canaveral,Slc‑40",Starlink:Group 5-15(54Satellites),16700,Leo,Spacex,Success,Success,TRUE,2023,7,16,3,Falcon 9,FALSE,5.9944444,TRUE,0,CC_SLC40,Heavy,FALSE,Low_Earth,TRUE,46,Internal,1,1,28.562,-80.5772
241,7/20/2023 4:09,F9B5B1071‑10,"Vandenberg,Slc‑4E",Starlink:Group 6-15(15Satellites),12000,Leo,Spacex,Success,Success,TRUE,2023,7,20,4,Falcon 9,FALSE,4.0131946,TRUE,0,V_SLC4E,Medium,FALSE,Low_Earth,TRUE,47,Internal,1,1,34.632,-120.6108
242,7/24/2023 0:50,F9B5B1076‑6,"Cape Canaveral,Slc‑40",Starlink:Group 6-6(22Satellites),16100,Leo,Spacex,Success,Success,TRUE,2023,7,24,0,Falcon 9,FALSE,3.8618054,TRUE,0,CC_SLC40,Heavy,FALSE,Low_Earth,TRUE,48,Internal,1,1,28.562,-80.5772
243,7/28/2023 4:01,F9B5B1062‑15,"Cape Canaveral,Slc‑40",Starlink:Group 6-7(22Satellites),16100,Leo,Spacex,Success,Success,TRUE,2023,7,28,4,Falcon 9,FALSE,4.132639,TRUE,0,CC_SLC40,Heavy,FALSE,Low_Earth,TRUE,49,Internal,1,1,28.562,-80.5772
244,8/3/2023 5:00,F9B5B1077‑6,"Cape Canaveral,Slc‑40",Galaxy 37,5063,Gto,Intelsat,Success,Success,TRUE,2023,8,3,5,Falcon 9,FALSE,6.040972,FALSE,0,CC_SLC40,Medium,FALSE,Geostationary,TRUE,50,Commercial,1,1,28.562,-80.5772
245,8/7/2023 2:41,F9B5B1078‑4,"Cape Canaveral,Slc‑40",Starlink:Group 6-8(22Satellites),16100,Leo,Spacex,Success,Success,TRUE,2023,8,7,2,Falcon 9,FALSE,3.9034722,TRUE,0,CC_SLC40,Heavy,FALSE,Low_Earth,TRUE,51,Internal,1,1,28.562,-80.5772
246,8/8/2023 3:57,F9B5B1075‑5,"Vandenberg,Slc‑4E",Starlink:Group 6-20(15Satellites),12000,Leo,Spacex,Success,Success,TRUE,2023,8,8,3,Falcon 9,FALSE,1.0527778,TRUE,0,V_SLC4E,Medium,FALSE,Low_Earth,TRUE,52,Internal,1,1,34.632,-120.6108
247,8/11/2023 5:17,F9B5B1069‑9,"Cape Canaveral,Slc‑40",Starlink:Group 6-9(22Satellites),16100,Leo,Spacex,Success,Success,TRUE,2023,8,11,5,Falcon 9,FALSE,3.0555556,TRUE,0,CC_SLC40,Heavy,FALSE,Low_Earth,TRUE,53,Internal,1,1,28.562,-80.5772
248,8/17/2023 3:36,F9B5B1067‑13,"Cape Canaveral,Slc‑40",Starlink:Group 6-10(22Satellites),16100,Leo,Spacex,Success,Success,TRUE,2023,8,17,3,Falcon 9,FALSE,5.929861,TRUE,0,CC_SLC40,Heavy,FALSE,Low_Earth,TRUE,54,Internal,1,1,28.562,-80.5772
249,8/22/2023 9:37,F9B5B1061‑15,"Vandenberg,Slc‑4E",Starlink:Group 7-1(21Satellites),15300,Leo,Spacex,Success,Success,TRUE,2023,8,22,9,Falcon 9,FALSE,5.2506943,TRUE,0,V_SLC4E,Heavy,FALSE,Low_Earth,TRUE,55,Internal,1,1,34.632,-120.6108
250,8/26/2023 7:27,F9B5B1081‑1,"Kennedy,Lc‑39A",Crew-7(Crew Dragon C210.3Endurance),13000,Leo(Iss),Nasa(Cts),Success,Success,TRUE,2023,8,26,7,Falcon 9,FALSE,3.9097223,FALSE,0,K_LC39A,Medium,TRUE,Low_Earth,TRUE,56,Government,1,1,28.6082,-80.6041
251,8/27/2023 1:05,F9B5B1080‑3,"Cape Canaveral,Slc‑40",Starlink:Group 6-11(22Satellites),16100,Leo,Spacex,Success,Success,TRUE,2023,8,27,1,Falcon 9,FALSE,0.7347222,TRUE,0,CC_SLC40,Heavy,FALSE,Low_Earth,TRUE,57,Internal,1,1,28.562,-80.5772
252,9/1/2023 2:21,F9B5B1077‑7,"Cape Canaveral,Slc‑40",Starlink:Group 6-13(22Satellites),16100,Leo,Spacex,Success,Success,TRUE,2023,9,1,2,Falcon 9,FALSE,5.052778,TRUE,0,CC_SLC40,Heavy,FALSE,Low_Earth,TRUE,58,Internal,1,1,28.562,-80.5772
254,9/4/2023 2:47,F9B5B1073‑10,"Kennedy,Lc‑39A",Starlink:Group 6-12(22Satellites),15300,Leo,Spacex,Success,Success,TRUE,2023,9,4,2,Falcon 9,FALSE,3.0180554,TRUE,0,K_LC39A,Heavy,FALSE,Low_Earth,TRUE,59,Internal,1,1,28.6082,-80.6041
255,9/9/2023 3:12,F9B5B1076‑7,"Cape Canaveral,Slc‑40",Starlink:Group 6-14(22Satellites),16100,Leo,Spacex,Success,Success,TRUE,2023,9,9,3,Falcon 9,FALSE,5.017361,TRUE,0,CC_SLC40,Heavy,FALSE,Low_Earth,TRUE,60,Internal,1,1,28.562,-80.5772
256,9/12/2023 6:57,F9B5B1071‑11,"Vandenberg,Slc‑4E",Starlink:Group 7-2(21Satellites),15300,Leo,Spacex,Success,Success,TRUE,2023,9,12,6,Falcon 9,FALSE,3.15625,TRUE,0,V_SLC4E,Heavy,FALSE,Low_Earth,TRUE,61,Internal,1,1,34.632,-120.6108
257,9/16/2023 3:38,F9B5B1078‑5,"Cape Canaveral,Slc‑40",Starlink:Group 6-16(22Satellites),16100,Leo,Spacex,Success,Success,TRUE,2023,9,16,3,Falcon 9,FALSE,3.8618054,TRUE,0,CC_SLC40,Heavy,FALSE,Low_Earth,TRUE,62,Internal,1,1,28.562,-80.5772
258,9/20/2023 3:38,F9B5B1058‑17,"Cape Canaveral,Slc‑40",Starlink:Group 6-17(22Satellites),16100,Leo,Spacex,Success,Success,TRUE,2023,9,20,3,Falcon 9,FALSE,4,TRUE,0,CC_SLC40,Heavy,FALSE,Low_Earth,TRUE,63,Internal,1,1,28.562,-80.5772
259,9/24/2023 3:38,F9B5B1060‑17,"Cape Canaveral,Slc‑40",Starlink:Group 6-18(22Satellites),16100,Leo,Spacex,Success,Success,TRUE,2023,9,24,3,Falcon 9,FALSE,4,TRUE,0,CC_SLC40,Heavy,FALSE,Low_Earth,TRUE,64,Internal,1,1,28.562,-80.5772
260,9/25/2023 8:48,F9B5B1075‑6,"Vandenberg,Slc‑4E",Starlink:Group 7-3(21Satellites),15300,Leo,Spacex,Success,Success,TRUE,2023,9,25,8,Falcon 9,FALSE,1.2152778,TRUE,0,V_SLC4E,Heavy,FALSE,Low_Earth,TRUE,65,Internal,1,1,34.632,-120.6108
261,9/30/2023 2:00,F9B5B1069‑10,"Cape Canaveral,Slc‑40",Starlink:Group 6-19(22Satellites),16100,Leo,Spacex,Success,Success,TRUE,2023,9,30,2,Falcon 9,FALSE,4.7166667,TRUE,0,CC_SLC40,Heavy,FALSE,Low_Earth,TRUE,66,Internal,1,1,28.562,-80.5772
262,10/5/2023 5:36,F9B5B1076‑8,"Cape Canaveral,Slc‑40",Starlink:Group 6-21(22Satellites),16100,Leo,Spacex,Success,Success,TRUE,2023,10,5,5,Falcon 9,FALSE,5.15,TRUE,0,CC_SLC40,Heavy,FALSE,Low_Earth,TRUE,67,Internal,1,1,28.562,-80.5772
263,10/9/2023 7:23,F9B5B1063‑14,"Vandenberg,Slc‑4E",Starlink:Group 7-4(21Satellites),15300,Leo,Spacex,Success,Success,TRUE,2023,10,9,7,Falcon 9,FALSE,4.0743055,TRUE,0,V_SLC4E,Heavy,FALSE,Low_Earth,TRUE,68,Internal,1,1,34.632,-120.6108
264,10/13/2023 23:01,F9B5B1067‑14,"Cape Canaveral,Slc‑40",Starlink:Group 6-22(22Satellites),16100,Leo,Spacex,Success,Success,TRUE,2023,10,13,23,Falcon 9,FALSE,4.651389,TRUE,0,CC_SLC40,Heavy,FALSE,Low_Earth,TRUE,69,Internal,1,1,28.562,-80.5772
265,10/18/2023 0:39,F9B5B1062‑16,"Cape Canaveral,Slc‑40",Starlink:Group 6-23(22Satellites),16100,Leo,Spacex,Success,Success,TRUE,2023,10,18,0,Falcon 9,FALSE,4.0680556,TRUE,0,CC_SLC40,Heavy,FALSE,Low_Earth,TRUE,70,Internal,1,1,28.562,-80.5772
266,10/21/2023 8:23,F9B5B1061‑16,"Vandenberg,Slc‑4E",Starlink:Group 7-5(21Satellites),15300,Leo,Spacex,Success,Success,TRUE,2023,10,21,8,Falcon 9,FALSE,3.3222222,TRUE,0,V_SLC4E,Heavy,FALSE,Low_Earth,TRUE,71,Internal,1,1,34.632,-120.6108
267,10/22/2023 2:17,F9B5B1080‑4,"Cape Canaveral,Slc‑40",Starlink:Group 6-24(23Satellites),16800,Leo,Spacex,Success,Success,TRUE,2023,10,22,2,Falcon 9,FALSE,0.74583334,TRUE,0,CC_SLC40,Heavy,FALSE,Low_Earth,TRUE,72,Internal,1,1,28.562,-80.5772
268,10/29/2023 9:00,F9B5B1075‑7,"Vandenberg,Slc‑4E",Starlink:Group 7-6(22Satellites),16100,Leo,Spacex,Success,Success,TRUE,2023,10,29,9,Falcon 9,FALSE,7.279861,TRUE,0,V_SLC4E,Heavy,FALSE,Low_Earth,TRUE,73,Internal,1,1,34.632,-120.6108
269,10/30/2023 23:20,F9B5B1077‑8,"Cape Canaveral,Slc‑40",Starlink:Group 6-25(23Satellites),16800,Leo,Spacex,Success,Success,TRUE,2023,10,30,23,Falcon 9,FALSE,1.5972222,TRUE,0,CC_SLC40,Heavy,FALSE,Low_Earth,TRUE,74,Internal,1,1,28.562,-80.5772
270,11/4/2023 0:37,F9B5B1058‑18,"Cape Canaveral,Slc‑40",Starlink:Group 6-26(23Satellites),16800,Leo,Spacex,Success,Success,TRUE,2023,11,4,0,Falcon 9,FALSE,4.053472,TRUE,0,CC_SLC40,Heavy,FALSE,Low_Earth,TRUE,75,Internal,1,1,28.562,-80.5772
271,11/8/2023 5:05,F9B5B1073‑11,"Cape Canaveral,Slc‑40",Starlink:Group 6-27(23Satellites),16800,Leo,Spacex,Success,Success,TRUE,2023,11,8,5,Falcon 9,FALSE,4.186111,TRUE,0,CC_SLC40,Heavy,FALSE,Low_Earth,TRUE,76,Internal,1,1,28.562,-80.5772
272,11/10/2023 1:28,F9B5B1081‑2,"Kennedy,Lc‑39A",Spacex Crs-29(Dragon C211.2),9525,Leo(Iss),Nasa(Crs),Success,Success,TRUE,2023,11,10,1,Falcon 9,FALSE,1.8493055,FALSE,0,K_LC39A,Medium,FALSE,Low_Earth,TRUE,77,Government,1,1,28.6082,-80.6041
273,11/11/2023 18:49,F9B5B1071‑12,"Vandenberg,Slc‑4E",Transporter-9(113 Payload Smallsat Rideshare),16300,Sso,Various,Success,Success,TRUE,2023,11,11,18,Falcon 9,FALSE,1.7229167,FALSE,0,V_SLC4E,Heavy,FALSE,Low_Earth,FALSE,78,Commercial,1,1,34.632,-120.6108
274,11/12/2023 21:08,F9B5B1076‑9,"Cape Canaveral,Slc‑40",O3B Mpower5 & 6,4100,Meo,Ses,Success,Success,TRUE,2023,11,12,21,Falcon 9,FALSE,1.0965278,FALSE,0,CC_SLC40,Light,FALSE,Medium_Earth,FALSE,79,Commercial,1,1,28.562,-80.5772
275,11/18/2023 5:05,F9B5B1069‑11,"Cape Canaveral,Slc‑40",Starlink:Group 6-28(23Satellites),16800,Leo,Spacex,Success,Success,TRUE,2023,11,18,5,Falcon 9,FALSE,5.33125,TRUE,0,CC_SLC40,Heavy,FALSE,Low_Earth,TRUE,80,Internal,1,1,28.562,-80.5772
276,11/20/2023 10:30,F9B5B1063‑15,"Vandenberg,Slc‑4E",Starlink:Group 7-7(22Satellites),16100,Leo,Spacex,Success,Success,TRUE,2023,11,20,10,Falcon 9,FALSE,2.2256944,TRUE,0,V_SLC4E,Heavy,FALSE,Low_Earth,TRUE,81,Internal,1,1,34.632,-120.6108
277,11/22/2023 7:47,F9B5B1067‑15,"Cape Canaveral,Slc‑40",Starlink:Group 6-29(23Satellites),16800,Leo,Spacex,Success,Success,TRUE,2023,11,22,7,Falcon 9,FALSE,1.8868055,TRUE,0,CC_SLC40,Heavy,FALSE,Low_Earth,TRUE,82,Internal,1,1,28.562,-80.5772
278,11/28/2023 4:20,F9B5B1062‑17,"Cape Canaveral,Slc‑40",Starlink:Group 6-30(23Satellites),16800,Leo,Spacex,Success,Success,TRUE,2023,11,28,4,Falcon 9,FALSE,5.85625,TRUE,0,CC_SLC40,Heavy,FALSE,Low_Earth,TRUE,83,Internal,1,1,28.562,-80.5772
279,12/1/2023 18:19,F9B5B1061‑17,"Vandenberg,Slc‑4E",425 Project Satelliteeirsat-1And Others 23 Secondary Payloads,800,Sso,Republic Of Korea Armed Forces,Success,Success,TRUE,2023,12,1,18,Falcon 9,FALSE,3.582639,FALSE,0,V_SLC4E,Light,FALSE,Low_Earth,FALSE,84,Commercial,1,1,34.632,-120.6108
280,12/3/2023 4:00,F9B5B1078‑6,"Cape Canaveral,Slc‑40",Starlink:Group 6-31(23Satellites),16800,Leo,Spacex,Success,Success,TRUE,2023,12,3,4,Falcon 9,FALSE,1.4034722,TRUE,0,CC_SLC40,Heavy,FALSE,Low_Earth,TRUE,85,Internal,1,1,28.562,-80.5772
281,12/7/2023 5:07,F9B5B1077‑9,"Cape Canaveral,Slc‑40",Starlink:Group 6-33(23Satellites),16800,Leo,Spacex,Success,Success,TRUE,2023,12,7,5,Falcon 9,FALSE,4.046528,TRUE,0,CC_SLC40,Heavy,FALSE,Low_Earth,TRUE,86,Internal,1,1,28.562,-80.5772
282,12/8/2023 8:03,F9B5B1071‑13,"Vandenberg,Slc‑4E",Starlink:Group 7-8(22Satellites),16100,Leo,Spacex,Success,Success,TRUE,2023,12,8,8,Falcon 9,FALSE,1.1222222,TRUE,0,V_SLC4E,Heavy,FALSE,Low_Earth,TRUE,87,Internal,1,1,34.632,-120.6108
283,12/19/2023 4:01,F9B5B1081‑3,"Cape Canaveral,Slc‑40",Starlink:Group 6-34(23Satellites),16800,Leo,Spacex,Success,Success,TRUE,2023,12,19,4,Falcon 9,FALSE,10.831944,TRUE,0,CC_SLC40,Heavy,FALSE,Low_Earth,TRUE,88,Internal,1,1,28.562,-80.5772
284,12/23/2023 5:33,F9B5B1058‑19,"Cape Canaveral,Slc‑40",Starlink:Group 6-32(23Satellites),16800,Leo,Spacex,Success,Success,TRUE,2023,12,23,5,Falcon 9,FALSE,4.063889,TRUE,0,CC_SLC40,Heavy,FALSE,Low_Earth,TRUE,89,Internal,1,1,28.562,-80.5772
285,12/24/2023 13:11,F9B5B1075‑8,"Vandenberg,Slc‑4E",Sarah2 & 3,3600,Sso,German Intelligence Service,Success,Success,TRUE,2023,12,24,13,Falcon 9,FALSE,1.3180555,FALSE,0,V_SLC4E,Light,FALSE,Low_Earth,TRUE,90,Commercial,1,1,34.632,-120.6108
286,12/29/2023 4:01,F9B5B1069‑12,"Cape Canaveral,Slc‑40",Starlink:Group 6-36(23Satellites),16800,Leo,Spacex,Success,Success,TRUE,2023,12,29,4,Falcon 9,FALSE,4.6180553,TRUE,0,CC_SLC40,Heavy,FALSE,Low_Earth,TRUE,91,Internal,1,1,28.562,-80.5772
287,1/3/2024 3:44,F9B5B1082‑1,"Vandenberg,Slc‑4E",Starlink:Group 7-9(22 Satellites),16800,Leo,Spacex,Success,Success,TRUE,2024,1,3,3,Falcon 9,FALSE,4.9881945,TRUE,0,V_SLC4E,Heavy,FALSE,Low_Earth,TRUE,92,Internal,1,1,34.632,-120.6108
288,1/3/2024 23:04,F9B5B1076‑10,"Cape Canaveral,Slc‑40",Ovzon-3,1800,Gto,Ovzon,Success,Success,TRUE,2024,1,3,23,Falcon 9,FALSE,0.8055556,FALSE,0,CC_SLC40,Light,FALSE,Geostationary,TRUE,93,Commercial,1,1,28.562,-80.5772
289,1/7/2024 22:35,F9B5B1067‑16,"Cape Canaveral,Slc‑40",Starlink:Group 6-35(23Satellites),17100,Leo,Spacex,Success,Success,TRUE,2024,1,7,22,Falcon 9,FALSE,3.979861,TRUE,0,CC_SLC40,Heavy,FALSE,Low_Earth,FALSE,94,Internal,1,1,28.562,-80.5772
290,1/14/2024 8:59,F9B5B1061‑18,"Vandenberg,Slc‑4E",Starlink:Group 7-10(22Satellites),16700,Leo,Spacex,Success,Success,TRUE,2024,1,14,8,Falcon 9,FALSE,6.4333334,TRUE,0,V_SLC4E,Heavy,FALSE,Low_Earth,TRUE,95,Internal,1,1,34.632,-120.6108
291,1/15/2024 1:52,F9B5B1073‑12,"Cape Canaveral,Slc‑40",Starlink:Group 6-37(23Satellites),17100,Leo,Spacex,Success,Success,TRUE,2024,1,15,1,Falcon 9,FALSE,0.7034722,TRUE,0,CC_SLC40,Heavy,FALSE,Low_Earth,TRUE,96,Internal,1,1,28.562,-80.5772
292,1/18/2024 21:49,F9B5B1080‑5,"Kennedy,Lc‑39A",Ax-3(Crew Dragon C212.3Freedom),13000,Leo(Iss),Axiom Space,Success,Success,TRUE,2024,1,18,21,Falcon 9,FALSE,3.83125,FALSE,0,K_LC39A,Medium,TRUE,Low_Earth,FALSE,97,Commercial,1,1,28.6082,-80.6041
293,1/24/2024 0:35,F9B5B1063‑16,"Vandenberg,Slc‑4E",Starlink:Group 7-11(22Satellites),16700,Leo,Spacex,Success,Success,TRUE,2024,1,24,0,Falcon 9,FALSE,5.115278,TRUE,0,V_SLC4E,Heavy,FALSE,Low_Earth,FALSE,98,Internal,1,1,34.632,-120.6108
294,1/29/2024 1:10,F9B5B1062‑18,"Kennedy,Lc‑39A",Starlink:Group 6-38(23Satellites),17100,Leo,Spacex,Success,Success,TRUE,2024,1,29,1,Falcon 9,FALSE,5.0243053,TRUE,0,K_LC39A,Heavy,FALSE,Low_Earth,TRUE,99,Internal,1,1,28.6082,-80.6041
295,1/29/2024 5:57,F9B5B1075‑9,"Vandenberg,Slc‑4E",Starlink:Group 7-12(22Satellites),16700,Leo,Spacex,Success,Success,TRUE,2024,1,29,5,Falcon 9,FALSE,0.19930555,TRUE,0,V_SLC4E,Heavy,FALSE,Low_Earth,TRUE,100,Internal,1,1,34.632,-120.6108
296,1/30/2024 17:07,F9B5B1077‑10,"Cape Canaveral,Slc‑40",Crs Ng-20,3726,Leo(Iss),Northrop Grumman(Crs),Success,Success,TRUE,2024,1,30,17,Falcon 9,FALSE,1.4652778,FALSE,0,CC_SLC40,Light,FALSE,Low_Earth,FALSE,101,Commercial,1,1,28.562,-80.5772
297,2/8/2024 6:33,F9B5B1081‑4,"Cape Canaveral,Slc‑40",Pace,1694,Sso,Nasa(Lsp),Success,Success,TRUE,2024,2,8,6,Falcon 9,FALSE,8.559722,FALSE,0,CC_SLC40,Light,FALSE,Low_Earth,TRUE,102,Government,1,1,28.562,-80.5772
298,2/10/2024 0:34,F9B5B1071‑14,"Vandenberg,Slc‑4E",Starlink:Group 7-13(22Satellites),16700,Leo,Spacex,Success,Success,TRUE,2024,2,10,0,Falcon 9,FALSE,1.7506944,TRUE,0,V_SLC4E,Heavy,FALSE,Low_Earth,FALSE,103,Internal,1,1,34.632,-120.6108
299,2/14/2024 22:30,F9B5B1078‑7,"Cape Canaveral,Slc‑40",Ussf-124 (6Satellites),16300,Leo,Ussf/Sda,Success,Success,TRUE,2024,2,14,22,Falcon 9,FALSE,4.913889,FALSE,0,CC_SLC40,Heavy,FALSE,Low_Earth,FALSE,104,Commercial,1,1,28.562,-80.5772
300,2/15/2024 6:05,F9B5B1060‑18,"Kennedy,Lc‑39A",Im-1Nova-Codysseuslander,1931,Tli,Nasa(Clps) /Intuitive Machines,Success,Success,TRUE,2024,2,15,6,Falcon 9,FALSE,0.3159722,FALSE,0,K_LC39A,Light,FALSE,Deep_Space,TRUE,105,Commercial,1,1,28.6082,-80.6041
301,2/15/2024 21:34,F9B5B1082‑2,"Vandenberg,Slc‑4E",Starlink:Group 7-14(22Satellites),16700,Leo,Spacex,Success,Success,TRUE,2024,2,15,21,Falcon 9,FALSE,0.64513886,TRUE,0,V_SLC4E,Heavy,FALSE,Low_Earth,FALSE,106,Internal,1,1,34.632,-120.6108
302,2/20/2024 20:11,F9B5B1067‑17,"Cape Canaveral,Slc‑40",Telkomsat Hts 113Bt,4000,Gto,Telkom Indonesia,Success,Success,TRUE,2024,2,20,20,Falcon 9,FALSE,4.942361,FALSE,0,CC_SLC40,Light,FALSE,Geostationary,FALSE,107,Commercial,1,1,28.562,-80.5772
303,2/23/2024 4:11,F9B5B1061‑19,"Vandenberg,Slc‑4E",Starlink:Group 7-15(22Satellites),16700,Leo,Spacex,Success,Success,TRUE,2024,2,23,4,Falcon 9,FALSE,2.3333333,TRUE,0,V_SLC4E,Heavy,FALSE,Low_Earth,TRUE,108,Internal,1,1,34.632,-120.6108
304,2/25/2024 22:06,F9B5B1069‑13,"Cape Canaveral,Slc‑40",Starlink:Group 6-39(24Satellites),17500,Leo,Spacex,Success,Success,TRUE,2024,2,25,22,Falcon 9,FALSE,2.7465277,TRUE,0,CC_SLC40,Heavy,FALSE,Low_Earth,FALSE,109,Internal,1,1,28.562,-80.5772
305,2/29/2024 15:30,F9B5B1076‑11,"Cape Canaveral,Slc‑40",Starlink:Group 6-40(23Satellites),17100,Leo,Spacex,Success,Success,TRUE,2024,2,29,15,Falcon 9,FALSE,3.725,TRUE,0,CC_SLC40,Heavy,FALSE,Low_Earth,FALSE,110,Internal,1,1,28.562,-80.5772
306,3/4/2024 3:53,F9B5B1083‑1,"Kennedy,Lc‑39A",Crew-8(Crew Dragon C206.5Endeavour),13000,Leo(Iss),Nasa(Cts),Success,Success,TRUE,2024,3,4,3,Falcon 9,FALSE,3.5159721,FALSE,0,K_LC39A,Medium,TRUE,Low_Earth,TRUE,111,Government,1,1,28.6082,-80.6041
307,3/4/2024 22:05,F9B5B1081‑5,"Vandenberg,Slc‑4E",Transporter-10(53 Payload Smallsat Rideshare),16300,Sso,Various,Success,Success,TRUE,2024,3,4,22,Falcon 9,FALSE,0.7583333,FALSE,0,V_SLC4E,Heavy,FALSE,Low_Earth,FALSE,112,Commercial,1,1,34.632,-120.6108
308,3/4/2024 23:56,F9B5B1073‑13,"Cape Canaveral,Slc‑40",Starlink:Group 6-41(23Satellites),17100,Leo,Spacex,Success,Success,TRUE,2024,3,4,23,Falcon 9,FALSE,0.077083334,TRUE,0,CC_SLC40,Heavy,FALSE,Low_Earth,TRUE,113,Internal,1,1,28.562,-80.5772
309,3/10/2024 23:05,F9B5B1077‑11,"Cape Canaveral,Slc‑40",Starlink:Group 6-43(23Satellites),17100,Leo,Spacex,Success,Success,TRUE,2024,3,10,23,Falcon 9,FALSE,5.9645834,TRUE,0,CC_SLC40,Heavy,FALSE,Low_Earth,TRUE,114,Internal,1,1,28.562,-80.5772
310,3/11/2024 4:09,F9B5B1063‑17,"Vandenberg,Slc‑4E",Starlink:Group 7-17(23Satellites),17100,Leo,Spacex,Success,Success,TRUE,2024,3,11,4,Falcon 9,FALSE,0.21111111,TRUE,0,V_SLC4E,Heavy,FALSE,Low_Earth,TRUE,115,Internal,1,1,34.632,-120.6108
311,3/16/2024 0:21,F9B5B1062‑19,"Kennedy,Lc‑39A",Starlink:Group 6-44(23Satellites),17100,Leo,Spacex,Success,Success,TRUE,2024,3,16,0,Falcon 9,FALSE,4.8416667,TRUE,0,K_LC39A,Heavy,FALSE,Low_Earth,TRUE,116,Internal,1,1,28.6082,-80.6041
312,3/19/2024 2:28,F9B5B1075‑10,"Vandenberg,Slc‑4E",Starlink:Group 7-16(20Satellites) + 2Starshieldsatellites,16300,Leo,Spacex,Success,Success,TRUE,2024,3,19,2,Falcon 9,FALSE,3.0881944,TRUE,0,V_SLC4E,Heavy,FALSE,Low_Earth,TRUE,117,Internal,1,1,34.632,-120.6108
313,3/21/2024 20:55,F9B5B1080‑6,"Cape Canaveral,Slc‑40",Spacex Crs-30(Dragon C209.4),2721,Leo(Iss),Nasa(Crs),Success,Success,TRUE,2024,3,21,20,Falcon 9,FALSE,2.76875,FALSE,0,CC_SLC40,Light,FALSE,Low_Earth,FALSE,118,Government,1,1,28.562,-80.5772
314,3/24/2024 3:09,F9B5B1060‑19,"Kennedy,Lc‑39A",Starlink:Group 6-42(23Satellites),17100,Leo,Spacex,Success,Success,TRUE,2024,3,24,3,Falcon 9,FALSE,2.2597222,TRUE,0,K_LC39A,Heavy,FALSE,Low_Earth,TRUE,119,Internal,1,1,28.6082,-80.6041
315,3/25/2024 23:42,F9B5B1078‑8,"Cape Canaveral,Slc‑40",Starlink:Group 6-46(23Satellites),17100,Leo,Spacex,Success,Success,TRUE,2024,3,25,23,Falcon 9,FALSE,1.85625,TRUE,0,CC_SLC40,Heavy,FALSE,Low_Earth,TRUE,120,Internal,1,1,28.562,-80.5772
316,3/30/2024 21:52,F9B5B1076‑12,"Kennedy,Lc‑39A",Eutelsat 36D,5000,Gto,Eutelsat,Success,Success,TRUE,2024,3,30,21,Falcon 9,FALSE,4.923611,FALSE,0,K_LC39A,Light,FALSE,Geostationary,FALSE,121,Commercial,1,1,28.6082,-80.6041
317,3/31/2024 1:30,F9B5B1067‑18,"Cape Canaveral,Slc‑40",Starlink:Group 6-45(23Satellites),17100,Leo,Spacex,Success,Success,TRUE,2024,3,31,1,Falcon 9,FALSE,0.15138888,TRUE,0,CC_SLC40,Heavy,FALSE,Low_Earth,TRUE,122,Internal,1,1,28.562,-80.5772
318,4/2/2024 2:30,F9B5B1071‑15,"Vandenberg,Slc‑4E",Starlink:Group 7-18(22Satellites),16700,Leo,Spacex,Success,Success,TRUE,2024,4,2,2,Falcon 9,FALSE,2.0416667,TRUE,0,V_SLC4E,Heavy,FALSE,Low_Earth,TRUE,123,Internal,1,1,34.632,-120.6108
319,4/5/2024 9:12,F9B5B1069‑14,"Cape Canaveral,Slc‑40",Starlink:Group 6-47(23Satellites),17100,Leo,Spacex,Success,Success,TRUE,2024,4,5,9,Falcon 9,FALSE,3.2791667,TRUE,0,CC_SLC40,Heavy,FALSE,Low_Earth,TRUE,124,Internal,1,1,28.562,-80.5772
320,4/7/2024 2:25,F9B5B1081‑6,"Vandenberg,Slc‑4E",Starlink:Group 8-1(21Satellites),16800,Leo,Spacex,Success,Success,TRUE,2024,4,7,2,Falcon 9,FALSE,1.7173611,TRUE,0,V_SLC4E,Heavy,FALSE,Low_Earth,TRUE,125,Internal,1,1,34.632,-120.6108
321,4/7/2024 23:16,F9B5B1073‑14,"Kennedy,Lc‑39A",Bandwagon-1(11 Payload Smallsat Rideshare),16300,Leo,Various,Success,Success,TRUE,2024,4,7,23,Falcon 9,FALSE,0.86875,FALSE,0,K_LC39A,Heavy,FALSE,Low_Earth,TRUE,126,Commercial,1,1,28.6082,-80.6041
322,4/10/2024 5:40,F9B5B1083‑2,"Cape Canaveral,Slc‑40",Starlink:Group 6-48(23Satellites),17100,Leo,Spacex,Success,Success,TRUE,2024,4,10,5,Falcon 9,FALSE,2.2666667,TRUE,0,CC_SLC40,Heavy,FALSE,Low_Earth,TRUE,127,Internal,1,1,28.562,-80.5772
323,4/11/2024 14:25,F9B5B1082‑3,"Vandenberg,Slc‑4E",Ussf-62 (Wsf-M 1),1200,Sso,Ussf,Success,Success,TRUE,2024,4,11,14,Falcon 9,FALSE,1.3645834,FALSE,0,V_SLC4E,Light,FALSE,Low_Earth,FALSE,128,Government,1,1,34.632,-120.6108
324,4/13/2024 1:40,F9B5B1062‑20,"Cape Canaveral,Slc‑40",Starlink:Group 6-49(23Satellites),17100,Leo,Spacex,Success,Success,TRUE,2024,4,13,1,Falcon 9,FALSE,1.46875,TRUE,0,CC_SLC40,Heavy,FALSE,Low_Earth,TRUE,129,Internal,1,1,28.562,-80.5772
325,4/17/2024 21:26,F9B5B1077‑12,"Kennedy,Lc‑39A",Starlink:Group 6-51(23Satellites),17100,Leo,Spacex,Success,Success,TRUE,2024,4,17,21,Falcon 9,FALSE,4.8236113,TRUE,0,K_LC39A,Heavy,FALSE,Low_Earth,FALSE,130,Internal,1,1,28.6082,-80.6041
326,4/18/2024 22:40,F9B5B1080‑7,"Cape Canaveral,Slc‑40",Starlink:Group 6-52(23Satellites),17100,Leo,Spacex,Success,Success,TRUE,2024,4,18,22,Falcon 9,FALSE,1.0513889,TRUE,0,CC_SLC40,Heavy,FALSE,Low_Earth,TRUE,131,Internal,1,1,28.562,-80.5772
327,4/23/2024 22:17,F9B5B1078‑9,"Cape Canaveral,Slc‑40",Starlink:Group 6-53(23Satellites),17100,Leo,Spacex,Success,Success,TRUE,2024,4,23,22,Falcon 9,FALSE,4.984028,TRUE,0,CC_SLC40,Heavy,FALSE,Low_Earth,TRUE,132,Internal,1,1,28.562,-80.5772
328,4/28/2024 0:34,F9B5B1060‑20,"Kennedy,Lc‑39A",Galileo-L12 (Foc Fm25 & Fm27),1600,Meo,Esa,Success,No Attempt,TRUE,2024,4,28,0,Falcon 9,FALSE,4.095139,FALSE,0,K_LC39A,Light,FALSE,Medium_Earth,TRUE,133,Commercial,1,1,28.6082,-80.6041
329,4/28/2024 22:08,F9B5B1076‑13,"Cape Canaveral,Slc‑40",Starlink:Group 6-54(23Satellites),17100,Leo,Spacex,Success,Success,TRUE,2024,4,28,22,Falcon 9,FALSE,0.8986111,TRUE,0,CC_SLC40,Heavy,FALSE,Low_Earth,TRUE,134,Internal,1,1,28.562,-80.5772
330,5/2/2024 18:36,F9B5B1061‑20,"Vandenberg,Slc‑4E",Worldview Legion1 & 2,1500,Sso,Maxar Technologies,Success,Success,TRUE,2024,5,2,18,Falcon 9,FALSE,3.8527777,FALSE,0,V_SLC4E,Light,FALSE,Low_Earth,FALSE,135,Commercial,1,1,34.632,-120.6108
331,5/3/2024 2:37,F9B5B1067‑19,"Cape Canaveral,Slc‑40",Starlink:Group 6-55(23Satellites),17100,Leo,Spacex,Success,Success,TRUE,2024,5,3,2,Falcon 9,FALSE,0.33402777,TRUE,0,CC_SLC40,Heavy,FALSE,Low_Earth,TRUE,136,Internal,1,1,28.562,-80.5772
332,5/6/2024 18:14,F9B5B1069‑15,"Cape Canaveral,Slc‑40",Starlink:Group 6-57(23Satellites),17100,Leo,Spacex,Success,Success,TRUE,2024,5,6,18,Falcon 9,FALSE,3.6506944,TRUE,0,CC_SLC40,Heavy,FALSE,Low_Earth,FALSE,137,Internal,1,1,28.562,-80.5772
333,5/8/2024 18:42,F9B5B1083‑3,"Kennedy,Lc‑39A",Starlink:Group 6-56(23Satellites),17100,Leo,Spacex,Success,Success,TRUE,2024,5,8,18,Falcon 9,FALSE,2.0194445,TRUE,0,K_LC39A,Heavy,FALSE,Low_Earth,FALSE,138,Internal,1,1,28.6082,-80.6041
334,5/10/2024 4:30,F9B5B1082‑4,"Vandenberg,Slc‑4E",Starlink:Group 8-2(20Satellites),16300,Leo,Spacex,Success,Success,TRUE,2024,5,10,4,Falcon 9,FALSE,1.4083333,TRUE,0,V_SLC4E,Heavy,FALSE,Low_Earth,TRUE,139,Internal,1,1,34.632,-120.6108
335,5/13/2024 0:53,F9B5B1073‑15,"Cape Canaveral,Slc‑40",Starlink:Group 6-58(23Satellites),17100,Leo,Spacex,Success,Success,TRUE,2024,5,13,0,Falcon 9,FALSE,2.8493056,TRUE,0,CC_SLC40,Heavy,FALSE,Low_Earth,TRUE,140,Internal,1,1,28.562,-80.5772
336,5/14/2024 18:39,F9B5B1063‑18,"Vandenberg,Slc‑4E",Starlink:Group 8-7(20Satellites),16300,Leo,Spacex,Success,Success,TRUE,2024,5,14,18,Falcon 9,FALSE,1.7402778,TRUE,0,V_SLC4E,Heavy,FALSE,Low_Earth,FALSE,141,Internal,1,1,34.632,-120.6108
337,5/18/2024 0:32,F9B5B1062‑21,"Cape Canaveral,Slc‑40",Starlink:Group 6-59(23Satellites),17100,Leo,Spacex,Success,Success,TRUE,2024,5,18,0,Falcon 9,FALSE,3.245139,TRUE,0,CC_SLC40,Heavy,FALSE,Low_Earth,TRUE,142,Internal,1,1,28.562,-80.5772
338,5/22/2024 8:00,F9B5B1071‑16,"Vandenberg,Slc‑4E",Nrol-146 (21Starshieldsatellites),16300,Sso,Northrop Grumman/Nro,Success,Success,TRUE,2024,5,22,8,Falcon 9,FALSE,4.311111,FALSE,0,V_SLC4E,Heavy,FALSE,Low_Earth,TRUE,143,Commercial,1,1,34.632,-120.6108
339,5/23/2024 2:35,F9B5B1080‑8,"Cape Canaveral,Slc‑40",Starlink:Group 6-62(23Satellites),17100,Leo,Spacex,Success,Success,TRUE,2024,5,23,2,Falcon 9,FALSE,0.7743056,TRUE,0,CC_SLC40,Heavy,FALSE,Low_Earth,TRUE,144,Internal,1,1,28.562,-80.5772
340,5/24/2024 2:45,F9B5B1077‑13,"Kennedy,Lc‑39A",Starlink:Group 6-63(23Satellites),17100,Leo,Spacex,Success,Success,TRUE,2024,5,24,2,Falcon 9,FALSE,1.0069444,TRUE,0,K_LC39A,Heavy,FALSE,Low_Earth,TRUE,145,Internal,1,1,28.6082,-80.6041
341,5/28/2024 14:24,F9B5B1078‑10,"Cape Canaveral,Slc‑40",Starlink:Group 6-60(23Satellites),17100,Leo,Spacex,Success,Success,TRUE,2024,5,28,14,Falcon 9,FALSE,4.485417,TRUE,0,CC_SLC40,Heavy,FALSE,Low_Earth,FALSE,146,Internal,1,1,28.562,-80.5772
342,5/28/2024 22:20,F9B5B1081‑7,"Vandenberg,Slc‑4E",Earthcare,2350,Sso,Esa,Success,Success,TRUE,2024,5,28,22,Falcon 9,FALSE,0.33055556,FALSE,0,V_SLC4E,Light,FALSE,Low_Earth,FALSE,147,Commercial,1,1,34.632,-120.6108
343,6/1/2024 2:37,F9B5B1076‑14,"Cape Canaveral,Slc‑40",Starlink:Group 6-64(23Satellites),17100,Leo,Spacex,Success,Success,TRUE,2024,6,1,2,Falcon 9,FALSE,3.1784723,TRUE,0,CC_SLC40,Heavy,FALSE,Low_Earth,TRUE,148,Internal,1,1,28.562,-80.5772
344,6/5/2024 2:16,F9B5B1067‑20,"Cape Canaveral,Slc‑40",Starlink:Group 8-5(23Satellites),16300,Leo,Spacex,Success,Success,TRUE,2024,6,5,2,Falcon 9,FALSE,3.9854167,TRUE,0,CC_SLC40,Heavy,FALSE,Low_Earth,TRUE,149,Internal,1,1,28.562,-80.5772
345,6/8/2024 1:56,F9B5B1069‑16,"Cape Canaveral,Slc‑40",Starlink:Group 10-1(22Satellites),16700,Leo,Spacex,Success,Success,TRUE,2024,6,8,1,Falcon 9,FALSE,2.9861112,TRUE,0,CC_SLC40,Heavy,FALSE,Low_Earth,TRUE,150,Internal,1,1,28.562,-80.5772
346,6/8/2024 12:58,F9B5B1061‑21,"Vandenberg,Slc‑4E",Starlink:Group 8-8(20Satellites),16300,Leo,Spacex,Success,Success,TRUE,2024,6,8,12,Falcon 9,FALSE,0.45972222,TRUE,0,V_SLC4E,Heavy,FALSE,Low_Earth,TRUE,151,Internal,1,1,34.632,-120.6108
347,6/19/2024 3:40,F9B5B1082‑5,"Vandenberg,Slc‑4E",Starlink:Group 9-1(20Satellites),16300,Leo,Spacex,Success,Success,TRUE,2024,6,19,3,Falcon 9,FALSE,10.6125,TRUE,0,V_SLC4E,Heavy,FALSE,Low_Earth,TRUE,152,Internal,1,1,34.632,-120.6108
348,6/20/2024 21:35,F9B5B1080‑9,"Cape Canaveral,Slc‑40",Astra 1P,5000,Gto,Ses,Success,Success,TRUE,2024,6,20,21,Falcon 9,FALSE,1.7465278,FALSE,0,CC_SLC40,Light,FALSE,Geostationary,FALSE,153,Commercial,1,1,28.562,-80.5772
349,6/23/2024 17:15,F9B5B1078‑11,"Cape Canaveral,Slc‑40",Starlink:Group 10-2(22Satellites),16700,Leo,Spacex,Success,Success,TRUE,2024,6,23,17,Falcon 9,FALSE,2.8194444,TRUE,0,CC_SLC40,Heavy,FALSE,Low_Earth,FALSE,154,Internal,1,1,28.562,-80.5772
350,6/24/2024 3:47,F9B5B1075‑11,"Vandenberg,Slc‑4E",Starlink:Group 9-2(20Satellites),16300,Leo,Spacex,Success,Success,TRUE,2024,6,24,3,Falcon 9,FALSE,0.43888888,TRUE,0,V_SLC4E,Heavy,FALSE,Low_Earth,TRUE,155,Internal,1,1,34.632,-120.6108
351,6/27/2024 11:14,F9B5B1062‑22,"Cape Canaveral,Slc‑40",Starlink:Group 10-3(23Satellites),17100,Leo,Spacex,Success,Success,TRUE,2024,6,27,11,Falcon 9,FALSE,3.3104167,TRUE,0,CC_SLC40,Heavy,FALSE,Low_Earth,FALSE,156,Internal,1,1,28.562,-80.5772
352,6/29/2024 3:14,F9B5B1081‑8,"Vandenberg,Slc‑4E",Nrol-186 (~21Starshieldsatellites),16300,Sso,Nro,Success,Success,TRUE,2024,6,29,3,Falcon 9,FALSE,1.6666666,FALSE,0,V_SLC4E,Heavy,FALSE,Low_Earth,TRUE,157,Government,1,1,34.632,-120.6108
353,7/3/2024 8:55,F9B5B1073‑16,"Cape Canaveral,Slc‑40",Starlink:Group 8-9(20Satellites),16300,Leo,Spacex,Success,Success,TRUE,2024,7,3,8,Falcon 9,FALSE,4.2368054,TRUE,0,CC_SLC40,Heavy,FALSE,Low_Earth,TRUE,158,Internal,1,1,28.562,-80.5772
354,7/8/2024 23:30,F9B5B1076‑15,"Cape Canaveral,Slc‑40",Türksat 6A,4250,Gto,Türksat,Success,Success,TRUE,2024,7,8,23,Falcon 9,FALSE,5.607639,FALSE,0,CC_SLC40,Light,FALSE,Geostationary,TRUE,159,Commercial,1,1,28.562,-80.5772
355,7/12/2024 2:35,F9B5B1063‑19,"Vandenberg,Slc‑4E",Starlink:Group 9-3(20Satellites),16300,Leo,Spacex,Failure,Success,TRUE,2024,7,12,2,Falcon 9,FALSE,3.1284723,TRUE,0,V_SLC4E,Heavy,FALSE,Low_Earth,TRUE,160,Internal,1,1,34.632,-120.6108
356,7/27/2024 5:45,F9B5B1069‑17,"Kennedy,Lc‑39A",Starlink:Group 10-9(23Satellites),17100,Leo,Spacex,Success,Success,TRUE,2024,7,27,5,Falcon 9,FALSE,15.131945,TRUE,0,K_LC39A,Heavy,FALSE,Low_Earth,TRUE,161,Internal,0.9,1,28.6082,-80.6041
357,7/28/2024 5:09,F9B5B1077‑14,"Cape Canaveral,Slc‑40",Starlink:Group 10-4(23Satellites),17100,Leo,Spacex,Success,Success,TRUE,2024,7,28,5,Falcon 9,FALSE,0.975,TRUE,0,CC_SLC40,Heavy,FALSE,Low_Earth,TRUE,162,Internal,0.9,1,28.562,-80.5772
358,7/28/2024 9:22,F9B5B1071‑17,"Vandenberg,Slc‑4E",Starlink:Group 9-4(21Satellites),16500,Leo,Spacex,Success,Success,TRUE,2024,7,28,9,Falcon 9,FALSE,0.17569445,TRUE,0,V_SLC4E,Heavy,FALSE,Low_Earth,TRUE,163,Internal,0.9,1,34.632,-120.6108
359,8/2/2024 5:01,F9B5B1078‑12,"Kennedy,Lc‑39A",Starlink:Group 10-6(23Satellites),17100,Leo,Spacex,Success,Success,TRUE,2024,8,2,5,Falcon 9,FALSE,4.81875,TRUE,0,K_LC39A,Heavy,FALSE,Low_Earth,TRUE,164,Internal,0.9,1,28.6082,-80.6041
360,8/4/2024 7:24,F9B5B1082‑6,"Vandenberg,Slc‑4E",Starlink:Group 11-1(23Satellites),17100,Leo,Spacex,Success,Success,TRUE,2024,8,4,7,Falcon 9,FALSE,2.0993056,TRUE,0,V_SLC4E,Heavy,FALSE,Low_Earth,TRUE,165,Internal,0.9,1,34.632,-120.6108
361,8/4/2024 15:02,F9B5B1080‑10,"Cape Canaveral,Slc‑40",Crs Ng-21,3857,Leo(Iss),Northrop Grumman(Crs),Success,Success,TRUE,2024,8,4,15,Falcon 9,FALSE,0.31805557,FALSE,0,CC_SLC40,Light,FALSE,Low_Earth,FALSE,166,Commercial,0.9,1,28.562,-80.5772
362,8/10/2024 12:50,F9B5B1067‑21,"Cape Canaveral,Slc‑40",Starlink:Group 8-3(21Satellites),16500,Leo,Spacex,Success,Success,TRUE,2024,8,10,12,Falcon 9,FALSE,5.9083333,TRUE,0,CC_SLC40,Heavy,FALSE,Low_Earth,FALSE,167,Internal,0.9,1,28.562,-80.5772
363,8/12/2024 2:02,F9B5B1061‑22,"Vandenberg,Slc‑4E",Asbm1(Gx10A) &Asbm2(Gx10B),7230,Molniya,Space Norway,Success,Success,TRUE,2024,8,12,2,Falcon 9,FALSE,1.55,FALSE,0,V_SLC4E,Medium,FALSE,Low_Earth,TRUE,168,Commercial,0.9,1,34.632,-120.6108
364,8/12/2024 10:37,F9B5B1073‑17,"Kennedy,Lc‑39A",Starlink:Group 10-7(23Satellites),17100,Leo,Spacex,Success,Success,TRUE,2024,8,12,10,Falcon 9,FALSE,0.3576389,TRUE,0,K_LC39A,Heavy,FALSE,Low_Earth,FALSE,169,Internal,0.9,1,28.6082,-80.6041
365,8/15/2024 13:00,F9B5B1076‑16,"Cape Canaveral,Slc‑40",Worldview Legion3 & 4,1500,Leo,Maxar Technologies,Success,Success,TRUE,2024,8,15,13,Falcon 9,FALSE,3.0993056,FALSE,0,CC_SLC40,Light,FALSE,Low_Earth,FALSE,170,Commercial,0.9,1,28.562,-80.5772
366,8/16/2024 18:56,F9B5B1075‑12,"Vandenberg,Slc‑4E",Transporter-11(116 Payload Smallsat Rideshare),16300,Sso,Various,Success,Success,TRUE,2024,8,16,18,Falcon 9,FALSE,1.2472222,FALSE,0,V_SLC4E,Heavy,FALSE,Low_Earth,FALSE,171,Commercial,1,1,34.632,-120.6108
367,8/20/2024 13:20,F9B5B1085‑1,"Cape Canaveral,Slc‑40",Starlink:Group 10-5(23 Satellites),16700,Leo,Spacex,Success,Success,TRUE,2024,8,20,13,Falcon 9,FALSE,3.7666667,TRUE,0,CC_SLC40,Heavy,FALSE,Low_Earth,FALSE,172,Internal,1,1,28.562,-80.5772
368,8/28/2024 7:48,F9B5B1062‑23,"Cape Canaveral,Slc‑40",Starlink:Group 8-6(21 Satellites),16700,Leo,Spacex,Success,Failure,TRUE,2024,8,28,7,Falcon 9,FALSE,7.7694445,TRUE,0,CC_SLC40,Heavy,FALSE,Low_Earth,TRUE,173,Internal,1,1,28.562,-80.5772
369,8/31/2024 7:43,F9B5B1069‑18,"Cape Canaveral,Slc‑40",Starlink:Group 8-10(21 Satellites),16700,Leo,Spacex,Success,Success,TRUE,2024,8,31,7,Falcon 9,FALSE,2.9965277,TRUE,0,CC_SLC40,Heavy,FALSE,Low_Earth,TRUE,174,Internal,1,1,28.562,-80.5772
370,8/31/2024 8:48,F9B5B1081‑9,"Vandenberg,Slc‑4E",Starlink:Group 9-5(21 Satellites),16700,Leo,Spacex,Success,Success,TRUE,2024,8,31,8,Falcon 9,FALSE,0.045138888,TRUE,0,V_SLC4E,Heavy,FALSE,Low_Earth,TRUE,175,Internal,1,1,34.632,-120.6108
371,9/5/2024 15:33,F9B5B1077‑15,"Cape Canaveral,Slc‑40",Starlink:Group 8-11(21 Satellites),16700,Leo,Spacex,Success,Success,TRUE,2024,9,5,15,Falcon 9,FALSE,5.28125,TRUE,0,CC_SLC40,Heavy,FALSE,Low_Earth,FALSE,176,Internal,1,1,28.562,-80.5772
372,9/6/2024 3:20,F9B5B1063‑20,"Vandenberg,Slc‑4E",Nrol-113 (21Starshieldsatellites),16300,Leo,Nro,Success,Success,TRUE,2024,9,6,3,Falcon 9,FALSE,0.49097222,FALSE,0,V_SLC4E,Heavy,FALSE,Low_Earth,TRUE,177,Government,1,1,34.632,-120.6108
373,9/10/2024 9:23,F9B5B1083‑4,"Kennedy,Lc‑39A",Polaris Dawn(Crew Dragon C207.3Resilience),13000,Leo,Polaris Program,Success,Success,TRUE,2024,9,10,9,Falcon 9,FALSE,4.2520833,FALSE,0,K_LC39A,Medium,TRUE,Low_Earth,TRUE,178,Commercial,1,1,28.6082,-80.6041
374,9/12/2024 8:52,F9B5B1078‑13,"Cape Canaveral,Slc‑40",Bluebird Block 1 (5 Satellites),7500,Leo,Ast Spacemobile,Success,Success,TRUE,2024,9,12,8,Falcon 9,FALSE,1.9784722,FALSE,0,CC_SLC40,Medium,FALSE,Low_Earth,TRUE,179,Commercial,1,1,28.562,-80.5772
375,9/13/2024 1:45,F9B5B1071‑18,"Vandenberg,Slc‑4E",Starlink:Group 9-6(21Satellites),16700,Leo,Spacex,Success,Success,TRUE,2024,9,13,1,Falcon 9,FALSE,0.7034722,TRUE,0,V_SLC4E,Heavy,FALSE,Low_Earth,TRUE,180,Internal,1,1,34.632,-120.6108
376,9/17/2024 22:50,F9B5B1067‑22,"Cape Canaveral,Slc‑40",Galileo-L13 (Foc Fm26 & Fm32),1600,Meo,Esa,Success,Success,TRUE,2024,9,17,22,Falcon 9,FALSE,4.8784723,FALSE,0,CC_SLC40,Light,FALSE,Medium_Earth,TRUE,181,Commercial,1,1,28.562,-80.5772
377,9/20/2024 13:50,F9B5B1075‑13,"Vandenberg,Slc‑4E",Starlink:Group 9-17(20Satellites),16300,Leo,Spacex,Success,Success,TRUE,2024,9,20,13,Falcon 9,FALSE,2.625,TRUE,0,V_SLC4E,Heavy,FALSE,Low_Earth,FALSE,182,Internal,1,1,34.632,-120.6108
378,9/25/2024 4:01,F9B5B1081‑10,"Vandenberg,Slc‑4E",Starlink:Group 9-8(20Satellites),16300,Leo,Spacex,Success,Success,TRUE,2024,9,25,4,Falcon 9,FALSE,4.5909724,TRUE,0,V_SLC4E,Heavy,FALSE,Low_Earth,TRUE,183,Internal,1,1,34.632,-120.6108
379,9/28/2024 17:17,F9B5B1085‑2,"Cape Canaveral,Slc‑40",Crew-9(Crew Dragon C212.4Freedom),13000,Leo(Iss),Nasa(Cts),Success,Success,TRUE,2024,9,28,17,Falcon 9,FALSE,3.5527778,FALSE,0,CC_SLC40,Medium,TRUE,Low_Earth,FALSE,184,Government,1,1,28.562,-80.5772
380,10/7/2024 14:52,F9B5B1061‑23,"Cape Canaveral,Slc‑40",Hera,1108,Heliocentric,Esa,Success,No Attempt,TRUE,2024,10,7,14,Falcon 9,FALSE,8.899305,FALSE,0,CC_SLC40,Light,FALSE,Deep_Space,FALSE,185,Commercial,1,1,28.562,-80.5772
381,10/15/2024 6:10,F9B5B1080‑11,"Cape Canaveral,Slc‑40",Starlink:Group 10-10(23Satellites),17100,Leo,Spacex,Success,Success,TRUE,2024,10,15,6,Falcon 9,FALSE,7.6375,TRUE,0,CC_SLC40,Heavy,FALSE,Low_Earth,TRUE,186,Internal,1,1,28.562,-80.5772
382,10/15/2024 8:21,F9B5B1071‑19,"Vandenberg,Slc‑4E",Starlink:Group 9-7(20Satellites),16300,Leo,Spacex,Success,Success,TRUE,2024,10,15,8,Falcon 9,FALSE,0.09097222,TRUE,0,V_SLC4E,Heavy,FALSE,Low_Earth,TRUE,187,Internal,1,1,34.632,-120.6108
383,10/18/2024 23:31,F9B5B1076‑17,"Cape Canaveral,Slc‑40",Starlink:Group8-19(20Satellites),16300,Leo,Spacex,Success,Success,TRUE,2024,10,18,23,Falcon 9,FALSE,3.6319444,TRUE,0,CC_SLC40,Heavy,FALSE,Low_Earth,TRUE,188,Internal,1,1,28.562,-80.5772
384,10/20/2024 5:13,F9B5B1082‑7,"Vandenberg,Slc‑4E",Oneweb #20(20 Satellites),2954,Polarleo,Oneweb,Success,Success,TRUE,2024,10,20,5,Falcon 9,FALSE,1.2375,FALSE,0,V_SLC4E,Light,FALSE,Low_Earth,TRUE,189,Commercial,1,1,34.632,-120.6108
385,10/23/2024 21:47,F9B5B1073‑18,"Cape Canaveral,Slc‑40",Starlink:Group 6-61(23Satellites),17100,Leo,Spacex,Success,Success,TRUE,2024,10,23,21,Falcon 9,FALSE,3.6902778,TRUE,0,CC_SLC40,Heavy,FALSE,Low_Earth,FALSE,190,Internal,1,1,28.562,-80.5772
386,10/24/2024 17:13,F9B5B1063‑21,"Vandenberg,Slc‑4E",Nrol-167(~17Starshieldsatellites),16300,Leo,Nro,Success,Success,TRUE,2024,10,24,17,Falcon 9,FALSE,0.80972224,FALSE,0,V_SLC4E,Heavy,FALSE,Low_Earth,FALSE,191,Government,1,1,34.632,-120.6108
387,10/26/2024 21:47,F9B5B1069‑19,"Cape Canaveral,Slc‑40",Starlink:Group 10-8(22Satellites),16700,Leo,Spacex,Success,Success,TRUE,2024,10,26,21,Falcon 9,FALSE,2.1902778,TRUE,0,CC_SLC40,Heavy,FALSE,Low_Earth,FALSE,192,Internal,1,1,28.562,-80.5772
388,10/30/2024 12:07,F9B5B1075‑14,"Vandenberg,Slc‑4E",Starlink:Group 9-9(20Satellites),16300,Leo,Spacex,Success,Success,TRUE,2024,10,30,12,Falcon 9,FALSE,3.5972223,TRUE,0,V_SLC4E,Heavy,FALSE,Low_Earth,TRUE,193,Internal,1,1,34.632,-120.6108
389,10/30/2024 21:10,F9B5B1078‑14,"Cape Canaveral,Slc‑40",Starlink:Group 10-13(23 Satellites),17100,Leo,Spacex,Success,Success,TRUE,2024,10,30,21,Falcon 9,FALSE,0.37708333,TRUE,0,CC_SLC40,Heavy,FALSE,Low_Earth,FALSE,194,Internal,1,1,28.562,-80.5772
390,11/5/2024 2:29,F9B5B1083‑5,"Kennedy,Lc‑39A",Spacex Crs-31(Cargo Dragon C208.5),2762,Leo(Iss),Nasa(Crs),Success,Success,TRUE,2024,11,5,2,Falcon 9,FALSE,5.2215276,FALSE,0,K_LC39A,Light,FALSE,Low_Earth,TRUE,195,Government,1,1,28.6082,-80.6041
391,11/7/2024 20:19,F9B5B1085‑3,"Cape Canaveral,Slc‑40",Starlink:Group 6-77(23 Satellites),17100,Leo,Spacex,Success,Success,TRUE,2024,11,7,20,Falcon 9,FALSE,2.7430556,TRUE,0,CC_SLC40,Heavy,FALSE,Low_Earth,FALSE,196,Internal,1,1,28.562,-80.5772
392,11/9/2024 6:14,F9B5B1081‑11,"Vandenberg,Slc‑4E",Starlink:Group 9-10(20Satellites),16300,Leo,Spacex,Success,Success,TRUE,2024,11,9,6,Falcon 9,FALSE,1.4131944,TRUE,0,V_SLC4E,Heavy,FALSE,Low_Earth,TRUE,197,Internal,1,1,34.632,-120.6108
393,11/11/2024 17:22,F9B5B1067‑23,"Kennedy,Lc‑39A",Koreasat6A,3900,Gto,Kt Sat,Success,Success,TRUE,2024,11,11,17,Falcon 9,FALSE,2.463889,FALSE,0,K_LC39A,Light,FALSE,Geostationary,FALSE,198,Commercial,1,1,28.6082,-80.6041
394,11/11/2024 21:28,F9B5B1080‑12,"Cape Canaveral,Slc‑40",Starlink:Group 6-69(24Satellites),17500,Leo,Spacex,Success,Success,TRUE,2024,11,11,21,Falcon 9,FALSE,0.17083333,TRUE,0,CC_SLC40,Heavy,FALSE,Low_Earth,FALSE,199,Internal,1,1,28.562,-80.5772
395,11/14/2024 5:23,F9B5B1082‑8,"Vandenberg,Slc‑4E",Starlink:Group 9-11(20Satellites),16300,Leo,Spacex,Success,Success,TRUE,2024,11,14,5,Falcon 9,FALSE,2.3298612,TRUE,0,V_SLC4E,Heavy,FALSE,Low_Earth,TRUE,200,Internal,1,1,34.632,-120.6108
396,11/14/2024 13:21,F9B5B1076‑18,"Cape Canaveral,Slc‑40",Starlink:Group 6-68(24 Satellites),17500,Leo,Spacex,Success,Success,TRUE,2024,11,14,13,Falcon 9,FALSE,0.33194444,TRUE,0,CC_SLC40,Heavy,FALSE,Low_Earth,FALSE,201,Internal,1,1,28.562,-80.5772
397,11/17/2024 22:28,F9B5B1077‑16,"Kennedy,Lc‑39A",Optus-X/Td7,4000,Gto,Optus,Success,Success,TRUE,2024,11,17,22,Falcon 9,FALSE,3.379861,FALSE,0,K_LC39A,Light,FALSE,Geostationary,FALSE,202,Commercial,1,1,28.6082,-80.6041
398,11/18/2024 5:53,F9B5B1071‑20,"Vandenberg,Slc‑4E",Starlink:Group 9-12(20Satellites),16300,Leo,Spacex,Success,Success,TRUE,2024,11,18,5,Falcon 9,FALSE,0.3090278,TRUE,0,V_SLC4E,Heavy,FALSE,Low_Earth,TRUE,203,Internal,1,1,34.632,-120.6108
399,11/18/2024 18:31,F9B5B1073‑19,"Cape Canaveral,Slc‑40",Gsat-20(Gsat-N2),4700,Gto,New Space India Limiteddish Tv,Success,Success,TRUE,2024,11,18,18,Falcon 9,FALSE,0.5263889,FALSE,0,CC_SLC40,Light,FALSE,Geostationary,FALSE,204,Commercial,1,1,28.562,-80.5772
400,11/21/2024 16:07,F9B5B1069‑20,"Cape Canaveral,Slc‑40",Starlink:Group 6-66(24 Satellites),17500,Leo,Spacex,Success,Success,TRUE,2024,11,21,16,Falcon 9,FALSE,2.9,TRUE,0,CC_SLC40,Heavy,FALSE,Low_Earth,FALSE,205,Internal,1,1,28.562,-80.5772
401,11/24/2024 5:25,F9B5B1075‑15,"Vandenberg,Slc‑4E",Starlink:Group 9-13(20Satellites),16300,Leo,Spacex,Success,Success,TRUE,2024,11,24,5,Falcon 9,FALSE,2.5541666,TRUE,0,V_SLC4E,Heavy,FALSE,Low_Earth,TRUE,206,Internal,1,1,34.632,-120.6108
402,11/25/2024 10:02,F9B5B1080‑13,"Cape Canaveral,Slc‑40",Starlink:Group 12-1(23 Satellites),17100,Leo,Spacex,Success,Success,TRUE,2024,11,25,10,Falcon 9,FALSE,1.1923611,TRUE,0,CC_SLC40,Heavy,FALSE,Low_Earth,TRUE,207,Internal,1,1,28.562,-80.5772
403,11/27/2024 4:41,F9B5B1078‑15,"Kennedy,Lc‑39A",Starlink:Group 6-76(24 Satellites),17500,Leo,Spacex,Success,Success,TRUE,2024,11,27,4,Falcon 9,FALSE,1.7770833,TRUE,0,K_LC39A,Heavy,FALSE,Low_Earth,TRUE,208,Internal,1,1,28.6082,-80.6041
404,11/30/2024 5:00,F9B5B1083‑6,"Cape Canaveral,Slc‑40",Starlink:Group 6-65(24 Satellites),17500,Leo,Spacex,Success,Success,TRUE,2024,11,30,5,Falcon 9,FALSE,3.0131946,TRUE,0,CC_SLC40,Heavy,FALSE,Low_Earth,TRUE,209,Internal,1,1,28.562,-80.5772
405,11/30/2024 8:10,F9B5B1088‑1,"Vandenberg,Slc‑4E",Nrol-126(2Starshieldsatellites) +Starlink:Group N-01(20 Satellites),16100,Leo,Nro/Spacex,Success,Success,TRUE,2024,11,30,8,Falcon 9,FALSE,0.13194445,TRUE,0,V_SLC4E,Heavy,FALSE,Low_Earth,TRUE,210,Commercial,1,1,34.632,-120.6108
406,12/4/2024 10:13,F9B5B1067‑24,"Cape Canaveral,Slc‑40",Starlink:Group 6-70(24Satellites),17500,Leo,Spacex,Success,Success,TRUE,2024,12,4,10,Falcon 9,FALSE,4.085417,TRUE,0,CC_SLC40,Heavy,FALSE,Low_Earth,TRUE,211,Internal,1,1,28.562,-80.5772
407,12/5/2024 3:05,F9B5B1081‑12,"Vandenberg,Slc‑4E",Starlink:Group 9-14(20Satellites),16300,Leo,Spacex,Success,Success,TRUE,2024,12,5,3,Falcon 9,FALSE,0.7027778,TRUE,0,V_SLC4E,Heavy,FALSE,Low_Earth,TRUE,212,Internal,1,1,34.632,-120.6108
408,12/5/2024 16:10,F9B5B1076‑19,"Kennedy,Lc‑39A",Sxm-9,7000,Gto,Sirius Xm,Success,Success,TRUE,2024,12,5,16,Falcon 9,FALSE,0.5451389,FALSE,0,K_LC39A,Medium,FALSE,Geostationary,FALSE,213,Commercial,1,1,28.6082,-80.6041
409,12/8/2024 5:12,F9B5B1086‑2,"Cape Canaveral,Slc‑40",Starlink:Group 12-5(23 Satellites),17100,Leo,Spacex,Success,Success,TRUE,2024,12,8,5,Falcon 9,FALSE,2.5430555,TRUE,0,CC_SLC40,Heavy,FALSE,Low_Earth,TRUE,214,Internal,1,1,28.562,-80.5772
410,12/13/2024 21:55,F9B5B1082‑9,"Vandenberg,Slc‑4E",Starlink:Group 11-2(22Satellites),16700,Leo,Spacex,Success,Success,TRUE,2024,12,13,21,Falcon 9,FALSE,5.696528,TRUE,0,V_SLC4E,Heavy,FALSE,Low_Earth,FALSE,215,Internal,1,1,34.632,-120.6108
411,12/17/2024 0:52,F9B5B1085‑4,"Cape Canaveral,Slc‑40",Gps Iii-7 (Rrt-1),4350,Meo,Ussf,Success,Success,TRUE,2024,12,17,0,Falcon 9,FALSE,3.1229167,FALSE,0,CC_SLC40,Light,FALSE,Medium_Earth,TRUE,216,Government,1,1,28.562,-80.5772
412,12/17/2024 13:19,F9B5B1063‑22,"Vandenberg,Slc‑4E",Nrol-149 (22Starshieldsatellites),16300,Leo,Nro,Success,Success,TRUE,2024,12,17,13,Falcon 9,FALSE,0.51875,FALSE,0,V_SLC4E,Heavy,FALSE,Low_Earth,TRUE,217,Government,1,1,34.632,-120.6108
413,12/17/2024 22:26,F9B5B1090‑1,"Kennedy,Lc‑39A",O3B Mpower7 & 8,3400,Meo,Ses,Success,Success,TRUE,2024,12,17,22,Falcon 9,FALSE,0.37986112,FALSE,0,K_LC39A,Light,FALSE,Medium_Earth,FALSE,218,Commercial,1,1,28.6082,-80.6041
414,12/21/2024 11:34,F9B5B1071‑21,"Vandenberg,Slc‑4E",Bandwagon-2(30 Payload Smallsat Rideshare)425 Project Flight 3,800,Leo,Variousrepublic Of Korea Armed Forces,Success,Success,TRUE,2024,12,21,11,Falcon 9,FALSE,3.5472221,FALSE,0,V_SLC4E,Light,FALSE,Low_Earth,TRUE,219,Commercial,1,1,34.632,-120.6108
415,12/23/2024 5:35,F9B5B1080‑14,"Kennedy,Lc‑39A",Starlink:Group 12-2(21 Satellites),16500,Leo,Spacex,Success,Success,TRUE,2024,12,23,5,Falcon 9,FALSE,1.7506944,TRUE,0,K_LC39A,Heavy,FALSE,Low_Earth,TRUE,220,Internal,1,1,28.6082,-80.6041
416,12/29/2024 1:58,F9B5B1075‑16,"Vandenberg,Slc‑4E",Starlink:Group 11-3(22Satellites),16700,Leo,Spacex,Success,Success,TRUE,2024,12,29,1,Falcon 9,FALSE,5.8493056,TRUE,0,V_SLC4E,Heavy,FALSE,Low_Earth,FALSE,221,Internal,1,1,34.632,-120.6108
417,12/29/2024 5:00,F9B5B1083‑7,"Cape Canaveral,Slc‑40",Astranis: From One To Many (4 Satellites),1600,Gto,Astranis,Success,Success,TRUE,2024,12,29,5,Falcon 9,FALSE,0.12638889,FALSE,0,CC_SLC40,Light,FALSE,Geostationary,TRUE,222,Commercial,1,1,28.562,-80.5772
418,12/31/2024 5:39,F9B5B1078‑16,"Kennedy,Lc‑39A",Starlink:Group 12-6(21Satellites),16500,Leo,Spacex,Success,Success,TRUE,2024,12,31,5,Falcon 9,FALSE,2.0270834,TRUE,0,K_LC39A,Heavy,FALSE,Low_Earth,TRUE,223,Internal,1,1,28.6082,-80.6041
419,1/4/2025 1:27,F9B5B1073‑20,"Cape Canaveral,Slc‑40",Thuraya 4-Ngs,5000,Gto,Thuraya,Success,Success,TRUE,2025,1,4,1,Falcon 9,FALSE,3.825,FALSE,0,CC_SLC40,Light,FALSE,Geostationary,TRUE,224,Commercial,1,1,28.562,-80.5772
420,1/6/2025 20:43,F9B5B1077‑17,"Cape Canaveral,Slc‑40",Starlink:Group 6‑71(24Satellites),17500,Leo,Spacex,Success,Success,TRUE,2025,1,6,20,Falcon 9,FALSE,2.8027778,TRUE,0,CC_SLC40,Heavy,FALSE,Low_Earth,FALSE,225,Internal,1,1,28.562,-80.5772
421,1/8/2025 15:27,F9B5B1086‑3,"Kennedy,Lc‑39A",Starlink:Group 12-11(21 Satellites),16500,Leo,Spacex,Success,Success,TRUE,2025,1,8,15,Falcon 9,FALSE,1.7805556,TRUE,0,K_LC39A,Heavy,FALSE,Low_Earth,FALSE,226,Internal,1,1,28.6082,-80.6041
422,1/10/2025 3:53,F9B5B1071‑22,"Vandenberg,Slc‑4E",Nrol-153 (22Starshieldsatellites),16300,Leo,Nro,Success,Success,TRUE,2025,1,10,3,Falcon 9,FALSE,1.5180556,FALSE,0,V_SLC4E,Heavy,FALSE,Low_Earth,TRUE,227,Government,1,1,34.632,-120.6108
423,1/10/2025 19:11,F9B5B1067‑25,"Cape Canaveral,Slc‑40",Starlink:Group 12-12(21 Satellites),16500,Leo,Spacex,Success,Success,TRUE,2025,1,10,19,Falcon 9,FALSE,0.6375,TRUE,0,CC_SLC40,Heavy,FALSE,Low_Earth,FALSE,228,Internal,1,1,28.562,-80.5772
424,1/13/2025 16:47,F9B5B1080‑15,"Cape Canaveral,Slc‑40",Starlink:Group 12-4(21 Satellites),16500,Leo,Spacex,Success,Success,TRUE,2025,1,13,16,Falcon 9,FALSE,2.9,TRUE,0,CC_SLC40,Heavy,FALSE,Low_Earth,FALSE,229,Internal,1,1,28.562,-80.5772
425,1/14/2025 19:09,F9B5B1088‑2,"Vandenberg,Slc‑4E",Transporter-12(131 Payload Smallsat Rideshare),2000,Sso,Various,Success,Success,TRUE,2025,1,14,19,Falcon 9,FALSE,1.0986111,FALSE,0,V_SLC4E,Light,FALSE,Low_Earth,FALSE,230,Commercial,1,1,34.632,-120.6108
426,1/15/2025 6:11,F9B5B1085‑5,"Kennedy,Lc‑39A",Blue Ghost Mission 1,2517,Tli,Firefly Aerospace& Nasa (Clps),Success,Success,TRUE,2025,1,15,6,Falcon 9,FALSE,0.45972222,FALSE,0,K_LC39A,Light,FALSE,Deep_Space,TRUE,231,Commercial,1,1,28.6082,-80.6041
427,1/21/2025 5:24,F9B5B1083‑8,"Kennedy,Lc‑39A",Starlink:Group 13-1(21 Satellites) + 2 Starshield Satellites,15300,Leo,Spacex,Success,Success,TRUE,2025,1,21,5,Falcon 9,FALSE,5.967361,TRUE,0,K_LC39A,Heavy,FALSE,Low_Earth,TRUE,232,Internal,1,1,28.6082,-80.6041
428,1/21/2025 15:45,F9B5B1082‑10,"Vandenberg,Slc‑4E",Starlink:Group 11-8(27 Satellites),15500,Leo,Spacex,Success,Success,TRUE,2025,1,21,15,Falcon 9,FALSE,0.43125,TRUE,0,V_SLC4E,Heavy,FALSE,Low_Earth,FALSE,233,Internal,1,1,34.632,-120.6108
429,1/24/2025 14:07,F9B5B1063‑23,"Vandenberg,Slc‑4E",Starlink:Group 11-6(23 Satellites),17100,Leo,Spacex,Success,Success,TRUE,2025,1,24,14,Falcon 9,FALSE,2.9319444,TRUE,0,V_SLC4E,Heavy,FALSE,Low_Earth,FALSE,234,Internal,1,1,34.632,-120.6108
430,1/27/2025 22:05,F9B5B1076‑20,"Cape Canaveral,Slc‑40",Starlink:Group 12-7(21 Satellites),16500,Leo,Spacex,Success,Success,TRUE,2025,1,27,22,Falcon 9,FALSE,3.3319445,TRUE,0,CC_SLC40,Heavy,FALSE,Low_Earth,FALSE,235,Internal,1,1,28.562,-80.5772
431,1/30/2025 1:34,F9B5B1073‑21,"Kennedy,Lc‑39A",Spainsat Ngi,6100,Gto,Hisdesat,Success,No Attempt,TRUE,2025,1,30,1,Falcon 9,FALSE,2.145139,FALSE,0,K_LC39A,Medium,FALSE,Geostationary,TRUE,236,Commercial,1,1,28.6082,-80.6041
432,2/1/2025 23:02,F9B5B1075‑17,"Vandenberg,Slc‑4E",Starlink:Group 11-4(22Satellites),16700,Leo,Spacex,Success,Success,TRUE,2025,2,1,23,Falcon 9,FALSE,2.8944445,TRUE,0,V_SLC4E,Heavy,FALSE,Low_Earth,FALSE,237,Internal,1,1,34.632,-120.6108
433,2/4/2025 10:15,F9B5B1069‑21,"Cape Canaveral,Slc‑40",Starlink:Group 12-3(21 Satellites),16500,Leo,Spacex,Success,Success,TRUE,2025,2,4,10,Falcon 9,FALSE,2.4673612,TRUE,0,CC_SLC40,Heavy,FALSE,Low_Earth,TRUE,238,Internal,1,1,28.562,-80.5772
434,2/4/2025 23:13,F9B5B1086‑4,"Kennedy,Lc‑39A",Worldview Legion5 & 6 (2 Satellites),1500,Leo,Maxar Technologies,Success,Success,TRUE,2025,2,4,23,Falcon 9,FALSE,0.5402778,FALSE,0,K_LC39A,Light,FALSE,Low_Earth,TRUE,239,Commercial,1,1,28.6082,-80.6041
435,2/8/2025 19:18,F9B5B1078‑17,"Cape Canaveral,Slc‑40",Starlink:Group 12-9(21 Satellites),16500,Leo,Spacex,Success,Success,TRUE,2025,2,8,19,Falcon 9,FALSE,3.8368056,TRUE,0,CC_SLC40,Heavy,FALSE,Low_Earth,FALSE,240,Internal,1,1,28.562,-80.5772
436,2/11/2025 2:09,F9B5B1071‑23,"Vandenberg,Slc‑4E",Starlink:Group 11-10(23Satellites),17100,Leo,Spacex,Success,Success,TRUE,2025,2,11,2,Falcon 9,FALSE,2.2854166,TRUE,0,V_SLC4E,Heavy,FALSE,Low_Earth,TRUE,241,Internal,1,1,34.632,-120.6108
437,2/11/2025 18:53,F9B5B1077‑18,"Cape Canaveral,Slc‑40",Starlink:Group 12-18(21 Satellites),16500,Leo,Spacex,Success,Success,TRUE,2025,2,11,18,Falcon 9,FALSE,0.69722223,TRUE,0,CC_SLC40,Heavy,FALSE,Low_Earth,FALSE,242,Internal,1,1,28.562,-80.5772
438,2/15/2025 6:14,F9B5B1067‑26,"Cape Canaveral,Slc‑40",Starlink:Group 12-8(21 Satellites),16500,Leo,Spacex,Success,Success,TRUE,2025,2,15,6,Falcon 9,FALSE,3.4729166,TRUE,0,CC_SLC40,Heavy,FALSE,Low_Earth,TRUE,243,Internal,1,1,28.562,-80.5772
439,2/18/2025 23:21,F9B5B1080‑16,"Cape Canaveral,Slc‑40",Starlink:Group 10-12(23 Satellites),17100,Leo,Spacex,Success,Success,TRUE,2025,2,18,23,Falcon 9,FALSE,3.7131944,TRUE,0,CC_SLC40,Heavy,FALSE,Low_Earth,TRUE,244,Internal,1,1,28.562,-80.5772
440,2/21/2025 15:19,F9B5B1076‑21,"Cape Canaveral,Slc‑40",Starlink:Group 12-14(23 Satellites),17100,Leo,Spacex,Success,Success,TRUE,2025,2,21,15,Falcon 9,FALSE,2.6652777,TRUE,0,CC_SLC40,Heavy,FALSE,Low_Earth,FALSE,245,Internal,1,1,28.562,-80.5772
441,2/23/2025 1:38,F9B5B1082‑11,"Vandenberg,Slc‑4E",Starlink:Group 15-1(22 Satellites),16800,Leo,Spacex,Success,Success,TRUE,2025,2,23,1,Falcon 9,FALSE,1.4298611,TRUE,0,V_SLC4E,Heavy,FALSE,Low_Earth,FALSE,246,Internal,1,1,34.632,-120.6108
442,2/27/2025 0:16,F9B5B1083‑9,"Kennedy,Lc‑39A","Im-2Nova-C""Athena"" Lunar Landerlunar Trailblazerbrokkr-2Odinchimera-1Tbd",16300,Tli,Nasa(Clps)Intuitive Machinesastroforgeepic Aerospacetbd,Success,Success,TRUE,2025,2,27,0,Falcon 9,FALSE,3.9430556,FALSE,0,K_LC39A,Heavy,FALSE,Deep_Space,TRUE,247,Commercial,1,1,28.6082,-80.6041
443,2/27/2025 3:34,F9B5B1092‑1,"Cape Canaveral,Slc‑40",Starlink:Group 12-13(21 Satellites),16500,Leo,Spacex,Success,Success,TRUE,2025,2,27,3,Falcon 9,FALSE,0.1375,TRUE,0,CC_SLC40,Heavy,FALSE,Low_Earth,TRUE,248,Internal,1,1,28.562,-80.5772
444,3/3/2025 2:24,F9B5B1086‑5,"Cape Canaveral,Slc‑40",Starlink:Group 12-20(21 Satellites),16500,Leo,Spacex,Success,Failure,TRUE,2025,3,3,2,Falcon 9,FALSE,3.9513888,TRUE,0,CC_SLC40,Heavy,FALSE,Low_Earth,TRUE,249,Internal,1,1,28.562,-80.5772
445,3/12/2025 3:10,F9B5B1088‑3,"Vandenberg,Slc‑4E",Spherexpunch,758,Sso,Nasa,Success,Success,TRUE,2025,3,12,3,Falcon 9,FALSE,9.031944,FALSE,0,V_SLC4E,Light,FALSE,Low_Earth,TRUE,250,Commercial,1,1,34.632,-120.6108
446,3/13/2025 2:35,F9B5B1069‑22,"Cape Canaveral,Slc‑40",Starlink:Group 12-21,16500,Leo,Spacex,Success,Success,TRUE,2025,3,13,2,Falcon 9,FALSE,0.9756944,TRUE,0,CC_SLC40,Heavy,FALSE,Low_Earth,TRUE,251,Internal,1,1,28.562,-80.5772
447,3/14/2025 23:03,F9B5B1090‑2,"Kennedy,Lc‑39A",Crew-10(Crew Dragon C210.4Endurance),13000,Leo(Iss),Nasa(Ccp),Success,Success,TRUE,2025,3,14,23,Falcon 9,FALSE,1.8527777,FALSE,0,K_LC39A,Medium,TRUE,Low_Earth,TRUE,252,Government,1,1,28.6082,-80.6041
448,3/15/2025 6:43,F9B5B1081‑13,"Vandenberg,Slc‑4E",Transporter-13(74 Payload Smallsat Rideshare),16300,Sso,Various,Success,Success,TRUE,2025,3,15,6,Falcon 9,FALSE,0.31944445,FALSE,0,V_SLC4E,Heavy,FALSE,Low_Earth,TRUE,253,Commercial,1,1,34.632,-120.6108
449,3/15/2025 11:35,F9B5B1078‑18,"Cape Canaveral,Slc‑40",Starlink:Group 12-16,17100,Leo,Spacex,Success,Success,TRUE,2025,3,15,11,Falcon 9,FALSE,0.20277777,TRUE,0,CC_SLC40,Heavy,FALSE,Low_Earth,FALSE,254,Internal,1,1,28.562,-80.5772
450,3/18/2025 19:57,F9B5B1077‑19,"Cape Canaveral,Slc‑40",Starlink:Group 12-25,17100,Leo,Spacex,Success,Success,TRUE,2025,3,18,19,Falcon 9,FALSE,3.348611,TRUE,0,CC_SLC40,Heavy,FALSE,Low_Earth,FALSE,255,Internal,1,1,28.562,-80.5772
451,3/21/2025 6:49,F9B5B1088‑4,"Vandenberg,Slc‑4E",Nrol-57(~11Starshieldsatellites),16300,Leo,Nro,Success,Success,TRUE,2025,3,21,6,Falcon 9,FALSE,2.4527779,FALSE,0,V_SLC4E,Heavy,FALSE,Low_Earth,TRUE,256,Government,1,1,34.632,-120.6108
452,3/24/2025 17:48,F9B5B1092‑2,"Cape Canaveral,Slc‑40",Nrol-69,16300,Leo,Ussf,Success,Success,TRUE,2025,3,24,17,Falcon 9,FALSE,3.457639,FALSE,0,CC_SLC40,Heavy,FALSE,Low_Earth,FALSE,257,Government,1,1,28.562,-80.5772
453,3/26/2025 22:11,F9B5B1063‑24,"Vandenberg,Slc‑4E",Starlink:Group 11-7,15500,Leo,Spacex,Success,Success,TRUE,2025,3,26,22,Falcon 9,FALSE,2.182639,TRUE,0,V_SLC4E,Heavy,FALSE,Low_Earth,FALSE,258,Internal,1,1,34.632,-120.6108
454,3/31/2025 19:52,F9B5B1080‑17,"Cape Canaveral,Slc‑40",Starlink:Group 6-80,16100,Leo,Spacex,Success,Success,TRUE,2025,3,31,19,Falcon 9,FALSE,4.9034724,TRUE,0,CC_SLC40,Heavy,FALSE,Low_Earth,FALSE,259,Internal,1,1,28.562,-80.5772
455,4/1/2025 1:46,F9B5B1085‑6,"Kennedy,Lc‑39A",Fram2(Crew Dragon C207.4Resilience),13000,Polar(Retrograde),Chun Wang,Success,Success,TRUE,2025,4,1,1,Falcon 9,FALSE,0.24583334,FALSE,0,K_LC39A,Medium,TRUE,Low_Earth,TRUE,260,Commercial,1,1,28.6082,-80.6041
456,4/4/2025 1:02,F9B5B1088‑5,"Vandenberg,Slc‑4E",Starlink:Group 11-13,15500,Leo,Spacex,Success,Success,TRUE,2025,4,4,1,Falcon 9,FALSE,2.9694445,TRUE,0,V_SLC4E,Heavy,FALSE,Low_Earth,TRUE,261,Internal,1,1,34.632,-120.6108
457,4/6/2025 3:07,F9B5B1078‑19,"Cape Canaveral,Slc‑40",Starlink:Group 6-72,16100,Leo,Spacex,Success,Success,TRUE,2025,4,6,3,Falcon 9,FALSE,2.0868056,TRUE,0,CC_SLC40,Heavy,FALSE,Low_Earth,TRUE,262,Internal,1,1,28.562,-80.5772
458,4/7/2025 23:06,F9B5B1093‑1,"Vandenberg,Slc‑4E",Starlink:Group 11-11,15500,Leo,Spacex,Success,Success,TRUE,2025,4,7,23,Falcon 9,FALSE,1.8326389,TRUE,0,V_SLC4E,Heavy,FALSE,Low_Earth,FALSE,263,Internal,1,1,34.632,-120.6108
459,4/12/2025 12:25,F9B5B1071‑24,"Vandenberg,Slc‑4E",Nrol-192(22Starshieldsatellites),16300,Leo,Nro,Success,Success,TRUE,2025,4,12,12,Falcon 9,FALSE,4.554861,FALSE,0,V_SLC4E,Heavy,FALSE,Low_Earth,TRUE,264,Government,1,1,34.632,-120.6108
460,4/13/2025 0:53,F9B5B1083‑10,"Kennedy,Lc‑39A",Starlink:Group 12-17,16500,Leo,Spacex,Success,Success,TRUE,2025,4,13,0,Falcon 9,FALSE,0.51944447,TRUE,0,K_LC39A,Heavy,FALSE,Low_Earth,TRUE,265,Internal,1,1,28.6082,-80.6041
461,4/14/2025 4:00,F9B5B1067‑27,"Cape Canaveral,Slc‑40",Starlink:Group 6-73,15500,Leo,Spacex,Success,Success,TRUE,2025,4,14,4,Falcon 9,FALSE,1.1298611,TRUE,0,CC_SLC40,Heavy,FALSE,Low_Earth,TRUE,266,Internal,1,1,28.562,-80.5772
462,4/20/2025 12:29,F9B5B1082‑12,"Vandenberg,Slc‑4E",Nrol-145(22Starshieldsatellites),16300,Leo,Nro,Success,Success,TRUE,2025,4,20,12,Falcon 9,FALSE,6.353472,FALSE,0,V_SLC4E,Heavy,FALSE,Low_Earth,TRUE,267,Government,1,1,34.632,-120.6108
463,4/21/2025 8:15,F9B5B1092‑3,"Kennedy,Lc‑39A",Spacex Crs-32(Cargo Dragon C209.5),3021,Leo(Iss),Nasa(Crs),Success,Success,TRUE,2025,4,21,8,Falcon 9,FALSE,0.82361114,FALSE,0,K_LC39A,Light,FALSE,Low_Earth,TRUE,268,Government,1,1,28.6082,-80.6041
464,4/22/2025 0:48,F9B5B1090‑3,"Cape Canaveral,Slc‑40","Bandwagon-3(425Sat-3,Tomorrow-S7, Pheonix)",16300,Leo,Republic Of Korea Armed Forcestomorrow.Ioatmos Space Cargo,Success,Success,TRUE,2025,4,22,0,Falcon 9,FALSE,0.68958336,FALSE,0,CC_SLC40,Heavy,FALSE,Low_Earth,TRUE,269,Commercial,1,1,28.562,-80.5772
465,4/25/2025 1:52,F9B5B1069‑23,"Cape Canaveral,Slc‑40",Starlink:Group 6-74,16100,Leo,Spacex,Success,Success,TRUE,2025,4,25,1,Falcon 9,FALSE,3.0444446,TRUE,0,CC_SLC40,Heavy,FALSE,Low_Earth,TRUE,270,Internal,1,1,28.562,-80.5772
466,4/28/2025 2:09,F9B5B1077‑20,"Cape Canaveral,Slc‑40",Starlink:Group 12-23,17100,Leo,Spacex,Success,Success,TRUE,2025,4,28,2,Falcon 9,FALSE,3.0118055,TRUE,0,CC_SLC40,Heavy,FALSE,Low_Earth,TRUE,271,Internal,1,1,28.562,-80.5772
467,4/28/2025 20:42,F9B5B1063‑25,"Vandenberg,Slc‑4E",Starlink:Group 11-9,15500,Leo,Spacex,Success,Success,TRUE,2025,4,28,20,Falcon 9,FALSE,0.7729167,TRUE,0,V_SLC4E,Heavy,FALSE,Low_Earth,FALSE,272,Internal,1,1,34.632,-120.6108
468,4/29/2025 2:34,F9B5B1094‑1,"Kennedy,Lc‑39A",Starlink:Group 12-10,17100,Leo,Spacex,Success,Success,TRUE,2025,4,29,2,Falcon 9,FALSE,0.24444444,TRUE,0,K_LC39A,Heavy,FALSE,Low_Earth,TRUE,273,Internal,1,1,28.6082,-80.6041
469,5/2/2025 1:51,F9B5B1080‑18,"Cape Canaveral,Slc‑40",Starlink:Group 6-75,16100,Leo,Spacex,Success,Success,TRUE,2025,5,2,1,Falcon 9,FALSE,2.9701388,TRUE,0,CC_SLC40,Heavy,FALSE,Low_Earth,TRUE,274,Internal,1,1,28.562,-80.5772
470,5/4/2025 8:54,F9B5B1078‑20,"Kennedy,Lc‑39A",Starlink:Group 6-84,16675,Leo,Spacex,Success,Success,TRUE,2025,5,4,8,Falcon 9,FALSE,2.29375,TRUE,0,K_LC39A,Heavy,FALSE,Low_Earth,TRUE,275,Internal,1,1,28.6082,-80.6041
471,5/7/2025 1:17,F9B5B1085‑7,"Cape Canaveral,Slc‑40",Starlink:Group 6-93,16100,Leo,Spacex,Success,Success,TRUE,2025,5,7,1,Falcon 9,FALSE,2.682639,TRUE,0,CC_SLC40,Heavy,FALSE,Low_Earth,TRUE,276,Internal,1,1,28.562,-80.5772
472,5/10/2025 0:19,F9B5B1081‑14,"Vandenberg,Slc‑4E",Starlink:Group 15-3,14950,Leo,Spacex,Success,Success,TRUE,2025,5,10,0,Falcon 9,FALSE,2.9597223,TRUE,0,V_SLC4E,Medium,FALSE,Low_Earth,FALSE,277,Internal,1,1,34.632,-120.6108
473,5/10/2025 6:28,F9B5B1083‑11,"Cape Canaveral,Slc‑40",Starlink:Group 6-91,16100,Leo,Spacex,Success,Success,TRUE,2025,5,10,6,Falcon 9,FALSE,0.25625,TRUE,0,CC_SLC40,Heavy,FALSE,Low_Earth,TRUE,278,Internal,1,1,28.562,-80.5772
474,5/13/2025 1:15,F9B5B1088‑6,"Vandenberg,Slc‑4E",Starlink:Group 15-4,14950,Leo,Spacex,Success,Success,TRUE,2025,5,13,1,Falcon 9,FALSE,2.7826388,TRUE,0,V_SLC4E,Medium,FALSE,Low_Earth,TRUE,279,Internal,1,1,34.632,-120.6108
475,5/13/2025 5:02,F9B5B1067‑28,"Kennedy,Lc‑39A",Starlink:Group 6-83,16100,Leo,Spacex,Success,Success,TRUE,2025,5,13,5,Falcon 9,FALSE,0.15763889,TRUE,0,K_LC39A,Heavy,FALSE,Low_Earth,TRUE,280,Internal,1,1,28.6082,-80.6041
476,5/14/2025 16:38,F9B5B1090‑4,"Cape Canaveral,Slc‑40",Starlink:Group 6-67,16100,Leo,Spacex,Success,Success,TRUE,2025,5,14,16,Falcon 9,FALSE,1.4833333,TRUE,0,CC_SLC40,Heavy,FALSE,Low_Earth,FALSE,281,Internal,1,1,28.562,-80.5772
477,5/16/2025 13:43,F9B5B1093‑2,"Vandenberg,Slc‑4E",Starlink:Group 15-5,14950,Leo,Spacex,Success,Success,TRUE,2025,5,16,13,Falcon 9,FALSE,1.8784722,TRUE,0,V_SLC4E,Medium,FALSE,Low_Earth,FALSE,282,Internal,1,1,34.632,-120.6108
478,5/21/2025 3:19,F9B5B1095‑1,"Cape Canaveral,Slc‑40",Starlink:Group 12-15,17100,Leo,Spacex,Success,Success,TRUE,2025,5,21,3,Falcon 9,FALSE,4.5666666,TRUE,0,CC_SLC40,Heavy,FALSE,Low_Earth,TRUE,283,Internal,1,1,28.562,-80.5772
479,5/23/2025 22:32,F9B5B1075‑18,"Vandenberg,Slc‑4E",Starlink:Group 11-16,15500,Leo,Spacex,Success,Success,TRUE,2025,5,23,22,Falcon 9,FALSE,2.8006945,TRUE,0,V_SLC4E,Heavy,FALSE,Low_Earth,FALSE,284,Internal,1,1,34.632,-120.6108
480,5/24/2025 17:19,F9B5B1069‑24,"Cape Canaveral,Slc‑40",Starlink:Group 12-22,17100,Leo,Spacex,Success,Success,TRUE,2025,5,24,17,Falcon 9,FALSE,0.7826389,TRUE,0,CC_SLC40,Heavy,FALSE,Low_Earth,FALSE,285,Internal,1,1,28.562,-80.5772
481,5/27/2025 16:57,F9B5B1082‑13,"Vandenberg,Slc‑4E",Starlink:Group 17-1,17500,Sso,Spacex,Success,Success,TRUE,2025,5,27,16,Falcon 9,FALSE,2.9847221,TRUE,0,V_SLC4E,Heavy,FALSE,Low_Earth,FALSE,286,Internal,1,1,34.632,-120.6108
482,5/28/2025 13:30,F9B5B1080‑19,"Kennedy,Lc‑39A",Starlink:Group 10-32,15500,Leo,Spacex,Success,Success,TRUE,2025,5,28,13,Falcon 9,FALSE,0.85625,TRUE,0,K_LC39A,Heavy,FALSE,Low_Earth,FALSE,287,Internal,1,1,28.6082,-80.6041
483,5/30/2025 17:37,F9B5B1092‑4,"Cape Canaveral,Slc‑40",Gps Iii-8,4350,Meo,Ussf,Success,Success,TRUE,2025,5,30,17,Falcon 9,FALSE,2.1715279,FALSE,0,CC_SLC40,Light,FALSE,Medium_Earth,FALSE,288,Government,1,1,28.562,-80.5772
